x_m,L_m,theta_ratio
0,0.01,1
0.000101010101010101,0.01,0.999325723041627
0.000202020202020202,0.01,0.998657818687161
0.000303030303030303,0.01,0.997996282677438
0.000404040404040404,0.01,0.997341110793908
0.000505050505050505,0.01,0.996692298858603
0.000606060606060606,0.01,0.996049842734111
0.000707070707070707,0.01,0.995413738323551
0.000808080808080808,0.01,0.994783981570547
0.000909090909090909,0.01,0.994160568459202
0.00101010101010101,0.01,0.993543495014068
0.00111111111111111,0.01,0.992932757300129
0.00121212121212121,0.01,0.992328351422769
0.00131313131313131,0.01,0.99173027352775
0.00141414141414141,0.01,0.991138519801187
0.00151515151515152,0.01,0.990553086469522
0.00161616161616162,0.01,0.989973969799505
0.00171717171717172,0.01,0.989401166098163
0.00181818181818182,0.01,0.988834671712784
0.00191919191919192,0.01,0.988274483030886
0.00202020202020202,0.01,0.9877205964802
0.00212121212121212,0.01,0.987173008528646
0.00222222222222222,0.01,0.986631715684307
0.00232323232323232,0.01,0.986096714495412
0.00242424242424242,0.01,0.985568001550309
0.00252525252525253,0.01,0.985045573477446
0.00262626262626263,0.01,0.984529426945351
0.00272727272727273,0.01,0.984019558662606
0.00282828282828283,0.01,0.98351596537783
0.00292929292929293,0.01,0.983018643879658
0.00303030303030303,0.01,0.982527590996719
0.00313131313131313,0.01,0.982042803597615
0.00323232323232323,0.01,0.981564278590903
0.00333333333333333,0.01,0.981092012925076
0.00343434343434343,0.01,0.980626003588542
0.00353535353535354,0.01,0.980166247609603
0.00363636363636364,0.01,0.97971274205644
0.00373737373737374,0.01,0.979265484037091
0.00383838383838384,0.01,0.978824470699436
0.00393939393939394,0.01,0.978389699231175
0.00404040404040404,0.01,0.977961166859812
0.00414141414141414,0.01,0.977538870852637
0.00424242424242424,0.01,0.977122808516709
0.00434343434343434,0.01,0.97671297719884
0.00444444444444444,0.01,0.976309374285573
0.00454545454545455,0.01,0.975911997203173
0.00464646464646465,0.01,0.975520843417603
0.00474747474747475,0.01,0.975135910434514
0.00484848484848485,0.01,0.974757195799225
0.00494949494949495,0.01,0.97438469709671
0.00505050505050505,0.01,0.974018411951579
0.00515151515151515,0.01,0.973658338028069
0.00525252525252525,0.01,0.973304473030022
0.00535353535353535,0.01,0.972956814700875
0.00545454545454545,0.01,0.972615360823644
0.00555555555555556,0.01,0.972280109220912
0.00565656565656566,0.01,0.97195105775481
0.00575757575757576,0.01,0.971628204327009
0.00585858585858586,0.01,0.971311546878705
0.00595959595959596,0.01,0.971001083390603
0.00606060606060606,0.01,0.970696811882907
0.00616161616161616,0.01,0.970398730415307
0.00626262626262626,0.01,0.970106837086967
0.00636363636363636,0.01,0.96982113003651
0.00646464646464646,0.01,0.96954160744201
0.00656565656565657,0.01,0.96926826752098
0.00666666666666667,0.01,0.969001108530355
0.00676767676767677,0.01,0.96874012876649
0.00686868686868687,0.01,0.968485326565141
0.00696969696969697,0.01,0.968236700301459
0.00707070707070707,0.01,0.967994248389979
0.00717171717171717,0.01,0.967757969284608
0.00727272727272727,0.01,0.967527861478617
0.00737373737373737,0.01,0.96730392350463
0.00747474747474747,0.01,0.967086153934617
0.00757575757575758,0.01,0.966874551379882
0.00767676767676768,0.01,0.966669114491056
0.00777777777777778,0.01,0.966469841958088
0.00787878787878788,0.01,0.966276732510236
0.00797979797979798,0.01,0.966089784916059
0.00808080808080808,0.01,0.965908997983412
0.00818181818181818,0.01,0.965734370559432
0.00828282828282828,0.01,0.965565901530538
0.00838383838383838,0.01,0.965403589822419
0.00848484848484848,0.01,0.965247434400029
0.00858585858585859,0.01,0.965097434267579
0.00868686868686869,0.01,0.964953588468534
0.00878787878787879,0.01,0.964815896085602
0.00888888888888889,0.01,0.964684356240732
0.00898989898989899,0.01,0.964558968095108
0.00909090909090909,0.01,0.964439730849142
0.00919191919191919,0.01,0.964326643742468
0.00929292929292929,0.01,0.964219706053942
0.00939393939393939,0.01,0.964118917101632
0.0094949494949495,0.01,0.964024276242816
0.0095959595959596,0.01,0.963935782873979
0.0096969696969697,0.01,0.963853436430808
0.0097979797979798,0.01,0.963777236388186
0.0098989898989899,0.01,0.963707182260194
0.01,0.01,0.963643273600103
0,0.0112244897959184,1
0.000113378684807256,0.0112244897959184,0.999163752655553
0.000226757369614512,0.0112244897959184,0.998335532801755
0.000340136054421769,0.0112244897959184,0.997515333784513
0.000453514739229025,0.0112244897959184,0.996703149014178
0.000566893424036281,0.0112244897959184,0.995898971965486
0.000680272108843537,0.0112244897959184,0.995102796177511
0.000793650793650794,0.0112244897959184,0.994314615253611
0.00090702947845805,0.0112244897959184,0.993534422861374
0.00102040816326531,0.0112244897959184,0.992762212732573
0.00113378684807256,0.0112244897959184,0.991997978663108
0.00124716553287982,0.0112244897959184,0.991241714512965
0.00136054421768707,0.0112244897959184,0.990493414206157
0.00147392290249433,0.0112244897959184,0.989753071730684
0.00158730158730159,0.0112244897959184,0.98902068113848
0.00170068027210884,0.0112244897959184,0.988296236545366
0.0018140589569161,0.0112244897959184,0.987579732131002
0.00192743764172336,0.0112244897959184,0.986871162138841
0.00204081632653061,0.0112244897959184,0.986170520876084
0.00215419501133787,0.0112244897959184,0.985477802713633
0.00226757369614512,0.0112244897959184,0.984793002086045
0.00238095238095238,0.0112244897959184,0.984116113491488
0.00249433106575964,0.0112244897959184,0.983447131491698
0.00260770975056689,0.0112244897959184,0.982786050711933
0.00272108843537415,0.0112244897959184,0.982132865840932
0.00283446712018141,0.0112244897959184,0.981487571630872
0.00294784580498866,0.0112244897959184,0.980850162897323
0.00306122448979592,0.0112244897959184,0.98022063451921
0.00317460317460318,0.0112244897959184,0.979598981438771
0.00328798185941043,0.0112244897959184,0.978985198661515
0.00340136054421769,0.0112244897959184,0.978379281256182
0.00351473922902494,0.0112244897959184,0.977781224354705
0.0036281179138322,0.0112244897959184,0.97719102315217
0.00374149659863946,0.0112244897959184,0.976608672906778
0.00385487528344671,0.0112244897959184,0.976034168939803
0.00396825396825397,0.0112244897959184,0.975467506635562
0.00408163265306122,0.0112244897959184,0.974908681441371
0.00419501133786848,0.0112244897959184,0.974357688867511
0.00430839002267574,0.0112244897959184,0.973814524487192
0.00442176870748299,0.0112244897959184,0.973279183936518
0.00453514739229025,0.0112244897959184,0.972751662914452
0.00464852607709751,0.0112244897959184,0.972231957182779
0.00476190476190476,0.0112244897959184,0.971720062566074
0.00487528344671202,0.0112244897959184,0.971215974951669
0.00498866213151928,0.0112244897959184,0.970719690289618
0.00510204081632653,0.0112244897959184,0.970231204592668
0.00521541950113379,0.0112244897959184,0.969750513936221
0.00532879818594104,0.0112244897959184,0.969277614458308
0.0054421768707483,0.0112244897959184,0.968812502359555
0.00555555555555556,0.0112244897959184,0.968355173903156
0.00566893424036281,0.0112244897959184,0.967905625414837
0.00578231292517007,0.0112244897959184,0.967463853282832
0.00589569160997732,0.0112244897959184,0.967029853957851
0.00600907029478458,0.0112244897959184,0.966603623953053
0.00612244897959184,0.0112244897959184,0.966185159844016
0.00623582766439909,0.0112244897959184,0.965774458268712
0.00634920634920635,0.0112244897959184,0.96537151592748
0.00646258503401361,0.0112244897959184,0.964976329582995
0.00657596371882086,0.0112244897959184,0.964588896060249
0.00668934240362812,0.0112244897959184,0.964209212246518
0.00680272108843537,0.0112244897959184,0.963837275091345
0.00691609977324263,0.0112244897959184,0.963473081606508
0.00702947845804989,0.0112244897959184,0.963116628866
0.00714285714285714,0.0112244897959184,0.962767914006005
0.0072562358276644,0.0112244897959184,0.962426934224876
0.00736961451247166,0.0112244897959184,0.962093686783109
0.00748299319727891,0.0112244897959184,0.961768169003325
0.00759637188208617,0.0112244897959184,0.961450378270246
0.00770975056689342,0.0112244897959184,0.961140312030674
0.00782312925170068,0.0112244897959184,0.960837967793473
0.00793650793650794,0.0112244897959184,0.960543343129546
0.00804988662131519,0.0112244897959184,0.960256435671815
0.00816326530612245,0.0112244897959184,0.959977243115208
0.00827664399092971,0.0112244897959184,0.959705763216632
0.00839002267573696,0.0112244897959184,0.959441993794962
0.00850340136054422,0.0112244897959184,0.959185932731018
0.00861678004535148,0.0112244897959184,0.958937577967552
0.00873015873015873,0.0112244897959184,0.95869692750923
0.00884353741496599,0.0112244897959184,0.958463979422616
0.00895691609977324,0.0112244897959184,0.958238731836157
0.0090702947845805,0.0112244897959184,0.958021182940166
0.00918367346938776,0.0112244897959184,0.957811330986809
0.00929705215419501,0.0112244897959184,0.957609174290093
0.00941043083900227,0.0112244897959184,0.957414711225848
0.00952380952380952,0.0112244897959184,0.957227940231717
0.00963718820861678,0.0112244897959184,0.957048859807142
0.00975056689342404,0.0112244897959184,0.956877468513355
0.00986394557823129,0.0112244897959184,0.956713764973362
0.00997732426303855,0.0112244897959184,0.956557747871934
0.0100907029478458,0.0112244897959184,0.956409415955597
0.0102040816326531,0.0112244897959184,0.956268768032622
0.0103174603174603,0.0112244897959184,0.956135802973014
0.0104308390022676,0.0112244897959184,0.956010519708503
0.0105442176870748,0.0112244897959184,0.955892917232538
0.0106575963718821,0.0112244897959184,0.955782994600275
0.0107709750566893,0.0112244897959184,0.955680750928574
0.0108843537414966,0.0112244897959184,0.955586185395987
0.0109977324263039,0.0112244897959184,0.955499297242755
0.0111111111111111,0.0112244897959184,0.955420085770801
0.0112244897959184,0.0112244897959184,0.955348550343722
0,0.0124489795918367,1
0.000125747268604411,0.0124489795918367,0.998986049556311
0.000251494537208823,0.0124489795918367,0.997981971834875
0.000377241805813234,0.0124489795918367,0.996987756912651
0.000502989074417646,0.0124489795918367,0.996003394964068
0.000628736343022057,0.0124489795918367,0.99502887626093
0.000754483611626469,0.0124489795918367,0.994064191172319
0.00088023088023088,0.0124489795918367,0.993109330164501
0.00100597814883529,0.0124489795918367,0.992164283800829
0.0011317254174397,0.0124489795918367,0.991229042741654
0.00125747268604411,0.0124489795918367,0.99030359774423
0.00138321995464853,0.0124489795918367,0.989387939662619
0.00150896722325294,0.0124489795918367,0.98848205944761
0.00163471449185735,0.0124489795918367,0.987585948146621
0.00176046176046176,0.0124489795918367,0.986699596903615
0.00188620902906617,0.0124489795918367,0.98582299695901
0.00201195629767058,0.0124489795918367,0.984956139649594
0.002137703566275,0.0124489795918367,0.98409901640844
0.00226345083487941,0.0124489795918367,0.983251618764819
0.00238919810348382,0.0124489795918367,0.982413938344117
0.00251494537208823,0.0124489795918367,0.981585966867755
0.00264069264069264,0.0124489795918367,0.980767696153103
0.00276643990929705,0.0124489795918367,0.979959118113403
0.00289218717790146,0.0124489795918367,0.979160224757685
0.00301793444650588,0.0124489795918367,0.978371008190692
0.00314368171511029,0.0124489795918367,0.977591460612799
0.0032694289837147,0.0124489795918367,0.976821574319939
0.00339517625231911,0.0124489795918367,0.976061341703523
0.00352092352092352,0.0124489795918367,0.975310755250367
0.00364667078952793,0.0124489795918367,0.974569807542618
0.00377241805813234,0.0124489795918367,0.973838491257682
0.00389816532673676,0.0124489795918367,0.973116799168147
0.00402391259534117,0.0124489795918367,0.972404724141715
0.00414965986394558,0.0124489795918367,0.971702259141133
0.00427540713254999,0.0124489795918367,0.971009397224119
0.0044011544011544,0.0124489795918367,0.970326131543298
0.00452690166975881,0.0124489795918367,0.969652455346129
0.00465264893836322,0.0124489795918367,0.968988361974846
0.00477839620696764,0.0124489795918367,0.968333844866382
0.00490414347557205,0.0124489795918367,0.967688897552315
0.00502989074417646,0.0124489795918367,0.967053513658796
0.00515563801278087,0.0124489795918367,0.966427686906489
0.00528138528138528,0.0124489795918367,0.965811411110509
0.00540713254998969,0.0124489795918367,0.965204680180361
0.0055328798185941,0.0124489795918367,0.96460748811988
0.00565862708719852,0.0124489795918367,0.964019829027169
0.00578437435580293,0.0124489795918367,0.963441697094545
0.00591012162440734,0.0124489795918367,0.962873086608479
0.00603586889301175,0.0124489795918367,0.96231399194954
0.00616161616161616,0.0124489795918367,0.961764407592338
0.00628736343022057,0.0124489795918367,0.961224328105473
0.00641311069882498,0.0124489795918367,0.960693748151479
0.0065388579674294,0.0124489795918367,0.960172662486769
0.00666460523603381,0.0124489795918367,0.959661065961589
0.00679035250463822,0.0124489795918367,0.95915895351996
0.00691609977324263,0.0124489795918367,0.958666320199637
0.00704184704184704,0.0124489795918367,0.958183161132049
0.00716759431045145,0.0124489795918367,0.95770947154226
0.00729334157905586,0.0124489795918367,0.957245246748918
0.00741908884766028,0.0124489795918367,0.956790482164208
0.00754483611626469,0.0124489795918367,0.956345173293809
0.0076705833848691,0.0124489795918367,0.955909315736848
0.00779633065347351,0.0124489795918367,0.955482905185856
0.00792207792207792,0.0124489795918367,0.955065937426729
0.00804782519068233,0.0124489795918367,0.954658408338679
0.00817357245928675,0.0124489795918367,0.954260313894204
0.00829931972789116,0.0124489795918367,0.953871650159037
0.00842506699649557,0.0124489795918367,0.953492413292114
0.00855081426509998,0.0124489795918367,0.953122599545536
0.00867656153370439,0.0124489795918367,0.952762205264528
0.0088023088023088,0.0124489795918367,0.952411226887406
0.00892805607091321,0.0124489795918367,0.952069660945541
0.00905380333951762,0.0124489795918367,0.951737504063324
0.00917955060812204,0.0124489795918367,0.951414752958135
0.00930529787672645,0.0124489795918367,0.951101404440308
0.00943104514533086,0.0124489795918367,0.950797455413099
0.00955679241393527,0.0124489795918367,0.950502902872659
0.00968253968253968,0.0124489795918367,0.950217743908
0.00980828695114409,0.0124489795918367,0.94994197570097
0.00993403421974851,0.0124489795918367,0.949675595526223
0.0100597814883529,0.0124489795918367,0.949418600751191
0.0101855287569573,0.0124489795918367,0.949170988836061
0.0103112760255617,0.0124489795918367,0.948932757333749
0.0104370232941662,0.0124489795918367,0.948703903889875
0.0105627705627706,0.0124489795918367,0.948484426242737
0.010688517831375,0.0124489795918367,0.948274322223295
0.0108142650999794,0.0124489795918367,0.948073589755145
0.0109400123685838,0.0124489795918367,0.9478822268545
0.0110657596371882,0.0124489795918367,0.947700231630169
0.0111915069057926,0.0124489795918367,0.94752760228354
0.011317254174397,0.0124489795918367,0.947364337108562
0.0114430014430014,0.0124489795918367,0.947210434491727
0.0115687487116059,0.0124489795918367,0.947065892912055
0.0116944959802103,0.0124489795918367,0.946930710941079
0.0118202432488147,0.0124489795918367,0.946804887242831
0.0119459905174191,0.0124489795918367,0.946688420573826
0.0120717377860235,0.0124489795918367,0.946581309783054
0.0121974850546279,0.0124489795918367,0.946483553811969
0.0123232323232323,0.0124489795918367,0.946395151694471
0.0124489795918367,0.0124489795918367,0.946316102556906
0,0.0136734693877551,1
0.000138115852401567,0.0136734693877551,0.998793210807821
0.000276231704803133,0.0136734693877551,0.997598329732465
0.0004143475572047,0.0136734693877551,0.996415342527957
0.000552463409606267,0.0136734693877551,0.995244235090127
0.000690579262007833,0.0136734693877551,0.99408499345644
0.0008286951144094,0.0136734693877551,0.992937603805833
0.000966810966810967,0.0136734693877551,0.991802052458547
0.00110492681921253,0.0136734693877551,0.990678325875966
0.0012430426716141,0.0136734693877551,0.989566410660453
0.00138115852401567,0.0136734693877551,0.988466293555196
0.00151927437641723,0.0136734693877551,0.987377961444042
0.0016573902288188,0.0136734693877551,0.986301401351346
0.00179550608122037,0.0136734693877551,0.985236600441816
0.00193362193362193,0.0136734693877551,0.984183546020357
0.0020717377860235,0.0136734693877551,0.983142225531924
0.00220985363842507,0.0136734693877551,0.982112626561367
0.00234796949082663,0.0136734693877551,0.981094736833289
0.0024860853432282,0.0136734693877551,0.980088544211894
0.00262420119562977,0.0136734693877551,0.979094036700845
0.00276231704803133,0.0136734693877551,0.978111202443123
0.0029004329004329,0.0136734693877551,0.97714002972088
0.00303854875283447,0.0136734693877551,0.976180506955306
0.00317666460523603,0.0136734693877551,0.975232622706486
0.0033147804576376,0.0136734693877551,0.974296365673266
0.00345289631003917,0.0136734693877551,0.973371724693116
0.00359101216244073,0.0136734693877551,0.972458688741999
0.0037291280148423,0.0136734693877551,0.971557246934242
0.00386724386724387,0.0136734693877551,0.970667388522398
0.00400535971964543,0.0136734693877551,0.969789102897127
0.004143475572047,0.0136734693877551,0.968922379587065
0.00428159142444857,0.0136734693877551,0.968067208258698
0.00441970727685013,0.0136734693877551,0.967223578716243
0.0045578231292517,0.0136734693877551,0.966391480901522
0.00469593898165327,0.0136734693877551,0.965570904893845
0.00483405483405483,0.0136734693877551,0.964761840909891
0.0049721706864564,0.0136734693877551,0.96396427930359
0.00511028653885797,0.0136734693877551,0.963178210566011
0.00524840239125953,0.0136734693877551,0.962403625325244
0.0053865182436611,0.0136734693877551,0.961640514346295
0.00552463409606267,0.0136734693877551,0.960888868530968
0.00566274994846424,0.0136734693877551,0.960148678917762
0.0058008658008658,0.0136734693877551,0.959419936681764
0.00593898165326737,0.0136734693877551,0.958702633134541
0.00607709750566893,0.0136734693877551,0.957996759724038
0.0062152133580705,0.0136734693877551,0.957302308034475
0.00635332921047207,0.0136734693877551,0.95661926978625
0.00649144506287363,0.0136734693877551,0.955947636835835
0.0066295609152752,0.0136734693877551,0.955287401175683
0.00676767676767677,0.0136734693877551,0.954638554934132
0.00690579262007834,0.0136734693877551,0.954001090375309
0.0070439084724799,0.0136734693877551,0.953374999899039
0.00718202432488147,0.0136734693877551,0.952760276040757
0.00732014017728303,0.0136734693877551,0.952156911471413
0.0074582560296846,0.0136734693877551,0.951564898997392
0.00759637188208617,0.0136734693877551,0.950984231560421
0.00773448773448774,0.0136734693877551,0.95041490223749
0.0078726035868893,0.0136734693877551,0.949856904240768
0.00801071943929087,0.0136734693877551,0.949310230917521
0.00814883529169243,0.0136734693877551,0.948774875750033
0.008286951144094,0.0136734693877551,0.94825083235553
0.00842506699649557,0.0136734693877551,0.947738094486102
0.00856318284889714,0.0136734693877551,0.94723665602863
0.0087012987012987,0.0136734693877551,0.946746511004711
0.00883941455370027,0.0136734693877551,0.946267653570588
0.00897753040610184,0.0136734693877551,0.945800078017082
0.0091156462585034,0.0136734693877551,0.945343778769521
0.00925376211090497,0.0136734693877551,0.944898750387675
0.00939187796330654,0.0136734693877551,0.94446498756569
0.0095299938157081,0.0136734693877551,0.944042485132028
0.00966810966810967,0.0136734693877551,0.943631238049401
0.00980622552051124,0.0136734693877551,0.943231241414714
0.0099443413729128,0.0136734693877551,0.942842490459006
0.0100824572253144,0.0136734693877551,0.94246498054739
0.0102205730777159,0.0136734693877551,0.942098707179004
0.0103586889301175,0.0136734693877551,0.941743665986951
0.0104968047825191,0.0136734693877551,0.941399852738251
0.0106349206349206,0.0136734693877551,0.941067263333789
0.0107730364873222,0.0136734693877551,0.940745893808266
0.0109111523397238,0.0136734693877551,0.940435740330153
0.0110492681921253,0.0136734693877551,0.940136799201643
0.0111873840445269,0.0136734693877551,0.939849066858608
0.0113254998969285,0.0136734693877551,0.93957253987056
0.01146361574933,0.0136734693877551,0.939307214940604
0.0116017316017316,0.0136734693877551,0.939053088905401
0.0117398474541332,0.0136734693877551,0.938810158735133
0.0118779633065347,0.0136734693877551,0.938578421533463
0.0120160791589363,0.0136734693877551,0.938357874537505
0.0121541950113379,0.0136734693877551,0.938148515117785
0.0122923108637394,0.0136734693877551,0.937950340778215
0.012430426716141,0.0136734693877551,0.93776334915606
0.0125685425685426,0.0136734693877551,0.937587538021911
0.0127066584209441,0.0136734693877551,0.93742290527966
0.0128447742733457,0.0136734693877551,0.937269448966472
0.0129828901257473,0.0136734693877551,0.937127167252763
0.0131210059781488,0.0136734693877551,0.936996058442178
0.0132591218305504,0.0136734693877551,0.936876120971574
0.013397237682952,0.0136734693877551,0.936767353410993
0.0135353535353535,0.0136734693877551,0.936669754463656
0.0136734693877551,0.0136734693877551,0.936583322965936
0,0.0148979591836735,1
0.000150484436198722,0.0148979591836735,0.998585866160767
0.000300968872397444,0.0148979591836735,0.997185865801752
0.000451453308596166,0.0148979591836735,0.995799979108057
0.000601937744794888,0.0148979591836735,0.994428186464542
0.00075242218099361,0.0148979591836735,0.993070468455545
0.000902906617192332,0.0148979591836735,0.991726805864612
0.00105339105339105,0.0148979591836735,0.99039717967422
0.00120387548958978,0.0148979591836735,0.989081571065512
0.0013543599257885,0.0148979591836735,0.987779961418028
0.00150484436198722,0.0148979591836735,0.986492332309442
0.00165532879818594,0.0148979591836735,0.985218665515301
0.00180581323438466,0.0148979591836735,0.983958943008769
0.00195629767058338,0.0148979591836735,0.982713146960369
0.00210678210678211,0.0148979591836735,0.981481259737733
0.00225726654298083,0.0148979591836735,0.980263263905352
0.00240775097917955,0.0148979591836735,0.979059142224326
0.00255823541537827,0.0148979591836735,0.977868877652126
0.00270871985157699,0.0148979591836735,0.976692453342347
0.00285920428777572,0.0148979591836735,0.975529852644475
0.00300968872397444,0.0148979591836735,0.974381059103645
0.00316017316017316,0.0148979591836735,0.973246056460415
0.00331065759637188,0.0148979591836735,0.972124828650528
0.0034611420325706,0.0148979591836735,0.971017359804694
0.00361162646876933,0.0148979591836735,0.969923634248357
0.00376211090496805,0.0148979591836735,0.968843636501477
0.00391259534116677,0.0148979591836735,0.967777351278313
0.00406307977736549,0.0148979591836735,0.966724763487201
0.00421356421356421,0.0148979591836735,0.965685858230344
0.00436404864976294,0.0148979591836735,0.964660620803604
0.00451453308596166,0.0148979591836735,0.963649036696285
0.00466501752216038,0.0148979591836735,0.962651091590938
0.0048155019583591,0.0148979591836735,0.961666771363152
0.00496598639455782,0.0148979591836735,0.960696062081354
0.00511647083075655,0.0148979591836735,0.959738950006617
0.00526695526695527,0.0148979591836735,0.958795421592458
0.00541743970315399,0.0148979591836735,0.957865463484653
0.00556792413935271,0.0148979591836735,0.956949062521044
0.00571840857555143,0.0148979591836735,0.956046205731355
0.00586889301175016,0.0148979591836735,0.955156880337007
0.00601937744794888,0.0148979591836735,0.954281073750936
0.0061698618841476,0.0148979591836735,0.953418773577419
0.00632034632034632,0.0148979591836735,0.952569967611894
0.00647083075654504,0.0148979591836735,0.95173464384079
0.00662131519274377,0.0148979591836735,0.950912790441357
0.00677179962894249,0.0148979591836735,0.950104395781495
0.00692228406514121,0.0148979591836735,0.949309448419596
0.00707276850133993,0.0148979591836735,0.948527937104375
0.00722325293753865,0.0148979591836735,0.947759850774716
0.00737373737373737,0.0148979591836735,0.947005178559512
0.0075242218099361,0.0148979591836735,0.946263909777515
0.00767470624613482,0.0148979591836735,0.94553603393718
0.00782519068233354,0.0148979591836735,0.94482154073652
0.00797567511853226,0.0148979591836735,0.944120420062959
0.00812615955473098,0.0148979591836735,0.943432661993189
0.00827664399092971,0.0148979591836735,0.942758256793029
0.00842712842712843,0.0148979591836735,0.942097194917288
0.00857761286332715,0.0148979591836735,0.941449467009631
0.00872809729952587,0.0148979591836735,0.940815063902444
0.00887858173572459,0.0148979591836735,0.940193976616705
0.00902906617192331,0.0148979591836735,0.939586196361859
0.00917955060812204,0.0148979591836735,0.93899171453569
0.00933003504432076,0.0148979591836735,0.938410522724204
0.00948051948051948,0.0148979591836735,0.937842612701504
0.0096310039167182,0.0148979591836735,0.937287976429678
0.00978148835291692,0.0148979591836735,0.936746606058686
0.00993197278911565,0.0148979591836735,0.936218493926243
0.0100824572253144,0.0148979591836735,0.935703632557718
0.0102329416615131,0.0148979591836735,0.935202014666023
0.0103834260977118,0.0148979591836735,0.934713633151511
0.0105339105339105,0.0148979591836735,0.934238481101877
0.0106843949701093,0.0148979591836735,0.933776551792058
0.010834879406308,0.0148979591836735,0.933327838684141
0.0109853638425067,0.0148979591836735,0.932892335427266
0.0111358482787054,0.0148979591836735,0.932470035857541
0.0112863327149041,0.0148979591836735,0.93206093399795
0.0114368171511029,0.0148979591836735,0.931665024058272
0.0115873015873016,0.0148979591836735,0.931282300434998
0.0117377860235003,0.0148979591836735,0.930912757711252
0.011888270459699,0.0148979591836735,0.93055639065671
0.0120387548958978,0.0148979591836735,0.930213194227535
0.0121892393320965,0.0148979591836735,0.929883163566298
0.0123397237682952,0.0148979591836735,0.92956629400191
0.0124902082044939,0.0148979591836735,0.92926258104956
0.0126406926406926,0.0148979591836735,0.928972020410649
0.0127911770768914,0.0148979591836735,0.928694607972728
0.0129416615130901,0.0148979591836735,0.928430339809441
0.0130921459492888,0.0148979591836735,0.928179212180469
0.0132426303854875,0.0148979591836735,0.92794122153148
0.0133931148216863,0.0148979591836735,0.927716364494074
0.013543599257885,0.0148979591836735,0.927504637885737
0.0136940836940837,0.0148979591836735,0.927306038709799
0.0138445681302824,0.0148979591836735,0.927120564155387
0.0139950525664811,0.0148979591836735,0.926948211597387
0.0141455370026799,0.0148979591836735,0.926788978596409
0.0142960214388786,0.0148979591836735,0.926642862898748
0.0144465058750773,0.0148979591836735,0.926509862436358
0.014596990311276,0.0148979591836735,0.926389975326817
0.0147474747474747,0.0148979591836735,0.926283199873303
0.0148979591836735,0.0148979591836735,0.92618953456457
0,0.0161224489795918,1
0.000162853019995877,0.0161224489795918,0.998364672379063
0.000325706039991754,0.0161224489795918,0.996745893365626
0.000488559059987631,0.0161224489795918,0.99514363612727
0.000651412079983509,0.0161224489795918,0.993557874105435
0.000814265099979386,0.0161224489795918,0.991988581014986
0.000977118119975263,0.0161224489795918,0.990435730843767
0.00113997113997114,0.0161224489795918,0.988899297852177
0.00130282415996702,0.0161224489795918,0.987379256572744
0.00146567717996289,0.0161224489795918,0.985875581809697
0.00162853019995877,0.0161224489795918,0.984388248638552
0.00179138321995465,0.0161224489795918,0.982917232405701
0.00195423623995053,0.0161224489795918,0.981462508727998
0.0021170892599464,0.0161224489795918,0.980024053492359
0.00227994227994228,0.0161224489795918,0.978601842855363
0.00244279529993816,0.0161224489795918,0.977195853242851
0.00260564831993403,0.0161224489795918,0.975806061349541
0.00276850133992991,0.0161224489795918,0.97443244413864
0.00293135435992579,0.0161224489795918,0.973074978841463
0.00309420737992167,0.0161224489795918,0.971733642957051
0.00325706039991754,0.0161224489795918,0.970408414251806
0.00341991341991342,0.0161224489795918,0.969099270759114
0.0035827664399093,0.0161224489795918,0.967806190778987
0.00374561945990517,0.0161224489795918,0.9665291528777
0.00390847247990105,0.0161224489795918,0.96526813588744
0.00407132549989693,0.0161224489795918,0.964023118905947
0.0042341785198928,0.0161224489795918,0.962794081296178
0.00439703153988868,0.0161224489795918,0.961581002685955
0.00455988455988456,0.0161224489795918,0.960383862967634
0.00472273757988044,0.0161224489795918,0.959202642297769
0.00488559059987631,0.0161224489795918,0.958037321096784
0.00504844361987219,0.0161224489795918,0.956887880048648
0.00521129663986807,0.0161224489795918,0.955754300100554
0.00537414965986394,0.0161224489795918,0.954636562462605
0.00553700267985982,0.0161224489795918,0.953534648607502
0.0056998556998557,0.0161224489795918,0.952448540270235
0.00586270871985158,0.0161224489795918,0.951378219447784
0.00602556173984745,0.0161224489795918,0.950323668398814
0.00618841475984333,0.0161224489795918,0.949284869643391
0.00635126777983921,0.0161224489795918,0.948261805962683
0.00651412079983509,0.0161224489795918,0.947254460398678
0.00667697381983096,0.0161224489795918,0.946262816253905
0.00683982683982684,0.0161224489795918,0.945286857091153
0.00700267985982272,0.0161224489795918,0.944326566733202
0.00716553287981859,0.0161224489795918,0.943381929262554
0.00732838589981447,0.0161224489795918,0.942452929021167
0.00749123891981035,0.0161224489795918,0.9415395506102
0.00765409193980623,0.0161224489795918,0.940641778889754
0.0078169449598021,0.0161224489795918,0.939759598978619
0.00797979797979798,0.0161224489795918,0.938892996254034
0.00814265099979386,0.0161224489795918,0.938041956351441
0.00830550401978973,0.0161224489795918,0.937206465164245
0.00846835703978561,0.0161224489795918,0.936386508843582
0.00863121005978149,0.0161224489795918,0.935582073798092
0.00879406307977736,0.0161224489795918,0.934793146693688
0.00895691609977324,0.0161224489795918,0.934019714453341
0.00911976911976912,0.0161224489795918,0.933261764256859
0.009282622139765,0.0161224489795918,0.932519283540675
0.00944547515976087,0.0161224489795918,0.931792259997643
0.00960832817975675,0.0161224489795918,0.931080681576826
0.00977118119975263,0.0161224489795918,0.930384536483305
0.00993403421974851,0.0161224489795918,0.929703813177978
0.0100968872397444,0.0161224489795918,0.92903850037737
0.0102597402597403,0.0161224489795918,0.928388587053444
0.0104225932797361,0.0161224489795918,0.927754062433426
0.010585446299732,0.0161224489795918,0.927134915999614
0.0107482993197279,0.0161224489795918,0.926531137489216
0.0109111523397238,0.0161224489795918,0.925942716894171
0.0110740053597196,0.0161224489795918,0.925369644460987
0.0112368583797155,0.0161224489795918,0.92481191069058
0.0113997113997114,0.0161224489795918,0.924269506338114
0.0115625644197073,0.0161224489795918,0.923742422412848
0.0117254174397032,0.0161224489795918,0.923230650177992
0.011888270459699,0.0161224489795918,0.922734181150555
0.0120511234796949,0.0161224489795918,0.922253007101207
0.0122139764996908,0.0161224489795918,0.921787120054146
0.0123768295196867,0.0161224489795918,0.92133651228696
0.0125396825396825,0.0161224489795918,0.920901176330505
0.0127025355596784,0.0161224489795918,0.920481104968776
0.0128653885796743,0.0161224489795918,0.920076291238789
0.0130282415996702,0.0161224489795918,0.919686728430469
0.013191094619666,0.0161224489795918,0.919312410086533
0.0133539476396619,0.0161224489795918,0.918953330002388
0.0135168006596578,0.0161224489795918,0.918609482226024
0.0136796536796537,0.0161224489795918,0.91828086105792
0.0138425066996496,0.0161224489795918,0.917967461050944
0.0140053597196454,0.0161224489795918,0.917669277010268
0.0141682127396413,0.0161224489795918,0.917386303993278
0.0143310657596372,0.0161224489795918,0.917118537309495
0.0144939187796331,0.0161224489795918,0.916865972520494
0.0146567717996289,0.0161224489795918,0.916628605439833
0.0148196248196248,0.0161224489795918,0.916406432132984
0.0149824778396207,0.0161224489795918,0.916199448917266
0.0151453308596166,0.0161224489795918,0.916007652361784
0.0153081838796125,0.0161224489795918,0.915831039287372
0.0154710368996083,0.0161224489795918,0.915669606766544
0.0156338899196042,0.0161224489795918,0.91552335212344
0.0157967429396001,0.0161224489795918,0.915392272933784
0.015959595959596,0.0161224489795918,0.915276367024845
0.0161224489795918,0.0161224489795918,0.915175632475401
0,0.0173469387755102,1
0.000175221603793032,0.0173469387755102,0.998130307576577
0.000350443207586065,0.0173469387755102,0.99627976843753
0.000525664811379097,0.0173469387755102,0.994448347072564
0.000700886415172129,0.0173469387755102,0.992636008338237
0.000876108018965162,0.0173469387755102,0.990842717457287
0.00105132962275819,0.0173469387755102,0.989068440017965
0.00122655122655123,0.0173469387755102,0.987313141973372
0.00140177283034426,0.0173469387755102,0.985576789640811
0.00157699443413729,0.0173469387755102,0.983859349701134
0.00175221603793032,0.0173469387755102,0.982160789198108
0.00192743764172336,0.0173469387755102,0.98048107553778
0.00210265924551639,0.0173469387755102,0.978820176487852
0.00227788084930942,0.0173469387755102,0.977178060177063
0.00245310245310245,0.0173469387755102,0.975554695094576
0.00262832405689549,0.0173469387755102,0.973950050089376
0.00280354566068852,0.0173469387755102,0.972364094369669
0.00297876726448155,0.0173469387755102,0.970796797502293
0.00315398886827458,0.0173469387755102,0.969248129412136
0.00332921047206762,0.0173469387755102,0.967718060381553
0.00350443207586065,0.0173469387755102,0.966206561049803
0.00367965367965368,0.0173469387755102,0.964713602412478
0.00385487528344671,0.0173469387755102,0.963239155820954
0.00403009688723974,0.0173469387755102,0.961783192981836
0.00420531849103278,0.0173469387755102,0.960345685956416
0.00438054009482581,0.0173469387755102,0.95892660716014
0.00455576169861884,0.0173469387755102,0.957525929362073
0.00473098330241187,0.0173469387755102,0.956143625684384
0.00490620490620491,0.0173469387755102,0.954779669601821
0.00508142650999794,0.0173469387755102,0.953434034941211
0.00525664811379097,0.0173469387755102,0.952106695880951
0.005431869717584,0.0173469387755102,0.950797626950518
0.00560709132137704,0.0173469387755102,0.949506803029975
0.00578231292517007,0.0173469387755102,0.948234199349492
0.0059575345289631,0.0173469387755102,0.946979791488872
0.00613275613275613,0.0173469387755102,0.945743555377078
0.00630797773654916,0.0173469387755102,0.944525467291775
0.0064831993403422,0.0173469387755102,0.943325503858873
0.00665842094413523,0.0173469387755102,0.942143642052079
0.00683364254792826,0.0173469387755102,0.940979859192455
0.00700886415172129,0.0173469387755102,0.939834132947984
0.00718408575551433,0.0173469387755102,0.938706441333137
0.00735930735930736,0.0173469387755102,0.937596762708459
0.00753452896310039,0.0173469387755102,0.936505075780146
0.00770975056689342,0.0173469387755102,0.935431359599641
0.00788497217068646,0.0173469387755102,0.934375593563228
0.00806019377447949,0.0173469387755102,0.933337757411644
0.00823541537827252,0.0173469387755102,0.932317831229681
0.00841063698206555,0.0173469387755102,0.93131579544581
0.00858585858585859,0.0173469387755102,0.930331630831805
0.00876108018965162,0.0173469387755102,0.929365318502371
0.00893630179344465,0.0173469387755102,0.928416839914784
0.00911152339723768,0.0173469387755102,0.927486176868534
0.00928674500103072,0.0173469387755102,0.926573311504977
0.00946196660482375,0.0173469387755102,0.925678226306992
0.00963718820861678,0.0173469387755102,0.924800904098644
0.00981240981240981,0.0173469387755102,0.923941328044854
0.00998763141620285,0.0173469387755102,0.923099481651078
0.0101628530199959,0.0173469387755102,0.92227534876299
0.0103380746237889,0.0173469387755102,0.921468913566169
0.0105132962275819,0.0173469387755102,0.9206801605858
0.010688517831375,0.0173469387755102,0.919909074686373
0.010863739435168,0.0173469387755102,0.919155641071397
0.011038961038961,0.0173469387755102,0.918419845283112
0.0112141826427541,0.0173469387755102,0.917701673202213
0.0113894042465471,0.0173469387755102,0.917001111047578
0.0115646258503401,0.0173469387755102,0.916318145376008
0.0117398474541332,0.0173469387755102,0.915652763081964
0.0119150690579262,0.0173469387755102,0.915004951397316
0.0120902906617192,0.0173469387755102,0.914374697891102
0.0122655122655123,0.0173469387755102,0.913761990469284
0.0124407338693053,0.0173469387755102,0.91316681737452
0.0126159554730983,0.0173469387755102,0.912589167185937
0.0127911770768914,0.0173469387755102,0.912029028818912
0.0129663986806844,0.0173469387755102,0.91148639152486
0.0131416202844774,0.0173469387755102,0.910961244891024
0.0133168418882705,0.0173469387755102,0.910453578840282
0.0134920634920635,0.0173469387755102,0.909963383630946
0.0136672850958565,0.0173469387755102,0.909490649856582
0.0138425066996496,0.0173469387755102,0.909035368445824
0.0140177283034426,0.0173469387755102,0.908597530662204
0.0141929499072356,0.0173469387755102,0.908177128103981
0.0143681715110287,0.0173469387755102,0.907774152703983
0.0145433931148217,0.0173469387755102,0.907388596729449
0.0147186147186147,0.0173469387755102,0.907020452781883
0.0148938363224078,0.0173469387755102,0.906669713796911
0.0150690579262008,0.0173469387755102,0.906336373044145
0.0152442795299938,0.0173469387755102,0.906020424127057
0.0154195011337868,0.0173469387755102,0.90572186098285
0.0155947227375799,0.0173469387755102,0.905440677882349
0.0157699443413729,0.0173469387755102,0.905176869429886
0.0159451659451659,0.0173469387755102,0.904930430563196
0.016120387548959,0.0173469387755102,0.904701356553325
0.016295609152752,0.0173469387755102,0.904489643004535
0.016470830756545,0.0173469387755102,0.904295285854219
0.0166460523603381,0.0173469387755102,0.904118281372827
0.0168212739641311,0.0173469387755102,0.903958626163791
0.0169964955679241,0.0173469387755102,0.903816317163462
0.0171717171717172,0.0173469387755102,0.903691351641048
0.0173469387755102,0.0173469387755102,0.903583727198567
0,0.0185714285714286,1
0.000187590187590188,0.0185714285714286,0.997883465645601
0.000375180375180375,0.0185714285714286,0.995788878579847
0.000562770562770563,0.0185714285714286,0.993716192734725
0.00075036075036075,0.0185714285714286,0.991665362523917
0.000937950937950938,0.0185714285714286,0.989636342841791
0.00112554112554113,0.0185714285714286,0.987629089062416
0.00131313131313131,0.0185714285714286,0.985643557038573
0.0015007215007215,0.0185714285714286,0.98367970310079
0.00168831168831169,0.0185714285714286,0.981737484056381
0.00187590187590188,0.0185714285714286,0.979816857188489
0.00206349206349206,0.0185714285714286,0.977917780255158
0.00225108225108225,0.0185714285714286,0.976040211488393
0.00243867243867244,0.0185714285714286,0.97418410959325
0.00262626262626263,0.0185714285714286,0.97234943374692
0.00281385281385281,0.0185714285714286,0.97053614359784
0.003001443001443,0.0185714285714286,0.968744199264795
0.00318903318903319,0.0185714285714286,0.96697356133605
0.00337662337662338,0.0185714285714286,0.965224190868479
0.00356421356421356,0.0185714285714286,0.96349604938671
0.00375180375180375,0.0185714285714286,0.961789098882275
0.00393939393939394,0.0185714285714286,0.96010330181278
0.00412698412698413,0.0185714285714286,0.958438621101075
0.00431457431457431,0.0185714285714286,0.956795020134439
0.0045021645021645,0.0185714285714286,0.955172462763777
0.00468975468975469,0.0185714285714286,0.953570913302824
0.00487734487734488,0.0185714285714286,0.951990336527356
0.00506493506493506,0.0185714285714286,0.950430697674423
0.00525252525252525,0.0185714285714286,0.948891962441578
0.00544011544011544,0.0185714285714286,0.947374096986125
0.00562770562770563,0.0185714285714286,0.945877067924376
0.00581529581529582,0.0185714285714286,0.944400842330915
0.006002886002886,0.0185714285714286,0.942945387737871
0.00619047619047619,0.0185714285714286,0.941510672134211
0.00637806637806638,0.0185714285714286,0.940096663965031
0.00656565656565657,0.0185714285714286,0.938703332130861
0.00675324675324675,0.0185714285714286,0.937330645986986
0.00694083694083694,0.0185714285714286,0.935978575342766
0.00712842712842713,0.0185714285714286,0.934647090460977
0.00731601731601732,0.0185714285714286,0.933336162057155
0.0075036075036075,0.0185714285714286,0.932045761298951
0.00769119769119769,0.0185714285714286,0.930775859805498
0.00787878787878788,0.0185714285714286,0.929526429646786
0.00806637806637807,0.0185714285714286,0.928297443343049
0.00825396825396825,0.0185714285714286,0.92708887386416
0.00844155844155844,0.0185714285714286,0.925900694629036
0.00862914862914863,0.0185714285714286,0.924732879505054
0.00881673881673882,0.0185714285714286,0.923585402807475
0.009004329004329,0.0185714285714286,0.922458239298881
0.00919191919191919,0.0185714285714286,0.921351364188619
0.00937950937950938,0.0185714285714286,0.920264753132256
0.00956709956709957,0.0185714285714286,0.919198382231043
0.00975468975468976,0.0185714285714286,0.918152228031389
0.00994227994227994,0.0185714285714286,0.917126267524348
0.0101298701298701,0.0185714285714286,0.916120478145107
0.0103174603174603,0.0185714285714286,0.915134837772498
0.0105050505050505,0.0185714285714286,0.914169324728504
0.0106926406926407,0.0185714285714286,0.913223917777787
0.0108802308802309,0.0185714285714286,0.912298596127218
0.0110678210678211,0.0185714285714286,0.911393339425421
0.0112554112554113,0.0185714285714286,0.910508127762326
0.0114430014430014,0.0185714285714286,0.909642941668729
0.0116305916305916,0.0185714285714286,0.908797762115867
0.0118181818181818,0.0185714285714286,0.907972570514997
0.012005772005772,0.0185714285714286,0.907167348716986
0.0121933621933622,0.0185714285714286,0.906382079011916
0.0123809523809524,0.0185714285714286,0.905616744128691
0.0125685425685426,0.0185714285714286,0.90487132723466
0.0127561327561328,0.0185714285714286,0.904145811935241
0.0129437229437229,0.0185714285714286,0.903440182273569
0.0131313131313131,0.0185714285714286,0.902754422730138
0.0133189033189033,0.0185714285714286,0.902088518222462
0.0135064935064935,0.0185714285714286,0.901442454104745
0.0136940836940837,0.0185714285714286,0.900816216167557
0.0138816738816739,0.0185714285714286,0.900209790637521
0.0140692640692641,0.0185714285714286,0.899623164177011
0.0142568542568543,0.0185714285714286,0.899056323883859
0.0144444444444444,0.0185714285714286,0.898509257291071
0.0146320346320346,0.0185714285714286,0.897981952366552
0.0148196248196248,0.0185714285714286,0.897474397512841
0.015007215007215,0.0185714285714286,0.89698658156686
0.0151948051948052,0.0185714285714286,0.896518493799663
0.0153823953823954,0.0185714285714286,0.896070123916203
0.0155699855699856,0.0185714285714286,0.895641462055104
0.0157575757575758,0.0185714285714286,0.895232498788445
0.0159451659451659,0.0185714285714286,0.894843225121556
0.0161327561327561,0.0185714285714286,0.894473632492813
0.0163203463203463,0.0185714285714286,0.894123712773456
0.0165079365079365,0.0185714285714286,0.893793458267406
0.0166955266955267,0.0185714285714286,0.893482861711098
0.0168831168831169,0.0185714285714286,0.893191916273323
0.0170707070707071,0.0185714285714286,0.892920615555073
0.0172582972582973,0.0185714285714286,0.892668953589402
0.0174458874458874,0.0185714285714286,0.8924369248413
0.0176334776334776,0.0185714285714286,0.892224524207562
0.0178210678210678,0.0185714285714286,0.892031747016683
0.018008658008658,0.0185714285714286,0.891858589028752
0.0181962481962482,0.0185714285714286,0.891705046435361
0.0183838383838384,0.0185714285714286,0.891571115859519
0.0185714285714286,0.0185714285714286,0.891456794355577
0,0.0197959183673469,1
0.000199958771387343,0.0197959183673469,0.997624850851034
0.000399917542774686,0.0197959183673469,0.995274632093644
0.000599876314162028,0.0197959183673469,0.992949284996459
0.000799835085549371,0.0197959183673469,0.990648751449648
0.000999793856936714,0.0197959183673469,0.988372973963461
0.00119975262832406,0.0197959183673469,0.986121895666796
0.0013997113997114,0.0197959183673469,0.98389546030578
0.00159967017109874,0.0197959183673469,0.981693612242358
0.00179962894248609,0.0197959183673469,0.979516296452906
0.00199958771387343,0.0197959183673469,0.977363458526856
0.00219954648526077,0.0197959183673469,0.975235044665335
0.00239950525664811,0.0197959183673469,0.973131001679822
0.00259946402803546,0.0197959183673469,0.971051276990816
0.0027994227994228,0.0197959183673469,0.968995818626527
0.00299938157081014,0.0197959183673469,0.96696457522157
0.00319934034219749,0.0197959183673469,0.964957496015691
0.00339929911358483,0.0197959183673469,0.96297453085249
0.00359925788497217,0.0197959183673469,0.961015630178171
0.00379921665635951,0.0197959183673469,0.959080745040304
0.00399917542774686,0.0197959183673469,0.9571698270866
0.0041991341991342,0.0197959183673469,0.955282828563706
0.00439909297052154,0.0197959183673469,0.953419702316008
0.00459905174190888,0.0197959183673469,0.951580401784454
0.00479901051329623,0.0197959183673469,0.949764881005391
0.00499896928468357,0.0197959183673469,0.947973094609417
0.00519892805607091,0.0197959183673469,0.946204997820244
0.00539888682745826,0.0197959183673469,0.944460546453583
0.0055988455988456,0.0197959183673469,0.942739696916037
0.00579880437023294,0.0197959183673469,0.941042406204013
0.00599876314162028,0.0197959183673469,0.939368631902649
0.00619872191300763,0.0197959183673469,0.937718332184749
0.00639868068439497,0.0197959183673469,0.936091465809742
0.00659863945578231,0.0197959183673469,0.934487992122652
0.00679859822716966,0.0197959183673469,0.932907871053078
0.006998556998557,0.0197959183673469,0.931351063114196
0.00719851576994434,0.0197959183673469,0.929817529401771
0.00739847454133168,0.0197959183673469,0.928307231593185
0.00759843331271903,0.0197959183673469,0.92682013194648
0.00779839208410637,0.0197959183673469,0.925356193299414
0.00799835085549371,0.0197959183673469,0.923915379068531
0.00819830962688106,0.0197959183673469,0.92249765324825
0.0083982683982684,0.0197959183673469,0.921102980409963
0.00859822716965574,0.0197959183673469,0.919731325701149
0.00879818594104308,0.0197959183673469,0.918382654844507
0.00899814471243043,0.0197959183673469,0.917056934137094
0.00919810348381777,0.0197959183673469,0.915754130449487
0.00939806225520511,0.0197959183673469,0.914474211224951
0.00959802102659246,0.0197959183673469,0.913217144478632
0.0097979797979798,0.0197959183673469,0.91198289879675
0.00999793856936714,0.0197959183673469,0.910771443335819
0.0101978973407545,0.0197959183673469,0.909582747821876
0.0103978561121418,0.0197959183673469,0.908416782549721
0.0105978148835292,0.0197959183673469,0.907273518382178
0.0107977736549165,0.0197959183673469,0.906152926749367
0.0109977324263039,0.0197959183673469,0.905054979647986
0.0111976911976912,0.0197959183673469,0.903979649640617
0.0113976499690785,0.0197959183673469,0.902926909855037
0.0115976087404659,0.0197959183673469,0.901896733983545
0.0117975675118532,0.0197959183673469,0.900889096282308
0.0119975262832406,0.0197959183673469,0.899903971570716
0.0121974850546279,0.0197959183673469,0.898941335230752
0.0123974438260153,0.0197959183673469,0.89800116320638
0.0125974025974026,0.0197959183673469,0.897083432002938
0.0127973613687899,0.0197959183673469,0.896188118686558
0.0129973201401773,0.0197959183673469,0.895315200883587
0.0131972789115646,0.0197959183673469,0.894464656780031
0.013397237682952,0.0197959183673469,0.893636465121009
0.0135971964543393,0.0197959183673469,0.892830605210222
0.0137971552257267,0.0197959183673469,0.892047056909435
0.013997113997114,0.0197959183673469,0.891285800637975
0.0141970727685013,0.0197959183673469,0.890546817372241
0.0143970315398887,0.0197959183673469,0.88983008864523
0.014596990311276,0.0197959183673469,0.889135596546073
0.0147969490826634,0.0197959183673469,0.888463323719588
0.0149969078540507,0.0197959183673469,0.887813253365848
0.0151968666254381,0.0197959183673469,0.887185369239761
0.0153968253968254,0.0197959183673469,0.886579655650662
0.0155967841682127,0.0197959183673469,0.885996097461921
0.0157967429396001,0.0197959183673469,0.885434680090568
0.0159967017109874,0.0197959183673469,0.884895389506925
0.0161966604823748,0.0197959183673469,0.884378212234259
0.0163966192537621,0.0197959183673469,0.88388313534844
0.0165965780251495,0.0197959183673469,0.883410146477622
0.0167965367965368,0.0197959183673469,0.882959233801934
0.0169964955679241,0.0197959183673469,0.882530386053182
0.0171964543393115,0.0197959183673469,0.882123592514571
0.0173964131106988,0.0197959183673469,0.881738843020433
0.0175963718820862,0.0197959183673469,0.881376127955976
0.0177963306534735,0.0197959183673469,0.881035438257043
0.0179962894248609,0.0197959183673469,0.880716765409884
0.0181962481962482,0.0197959183673469,0.880420101450947
0.0183962069676355,0.0197959183673469,0.880145438966674
0.0185961657390229,0.0197959183673469,0.879892771093319
0.0187961245104102,0.0197959183673469,0.879662091516777
0.0189960832817976,0.0197959183673469,0.879453394472423
0.0191960420531849,0.0197959183673469,0.879266674744972
0.0193960008245723,0.0197959183673469,0.879101927668345
0.0195959595959596,0.0197959183673469,0.878959149125554
0.0197959183673469,0.0197959183673469,0.8788383355486
0,0.0210204081632653,1
0.000212327355184498,0.0210204081632653,0.997355172655418
0.000424654710368996,0.0210204081632653,0.994738447670107
0.000636982065553494,0.0210204081632653,0.992149751312918
0.000849309420737992,0.0210204081632653,0.989589010642456
0.00106163677592249,0.0210204081632653,0.987056153505034
0.00127396413110699,0.0210204081632653,0.984551108532634
0.00148629148629149,0.0210204081632653,0.982073805140899
0.00169861884147598,0.0210204081632653,0.979624173527143
0.00191094619666048,0.0210204081632653,0.977202144668384
0.00212327355184498,0.0210204081632653,0.974807650319401
0.00233560090702948,0.0210204081632653,0.972440623010808
0.00254792826221398,0.0210204081632653,0.970100996047155
0.00276025561739848,0.0210204081632653,0.96778870350505
0.00297258297258297,0.0210204081632653,0.965503680231296
0.00318491032776747,0.0210204081632653,0.963245861841062
0.00339723768295197,0.0210204081632653,0.961015184716066
0.00360956503813647,0.0210204081632653,0.958811586002781
0.00382189239332097,0.0210204081632653,0.956635003610665
0.00403421974850546,0.0210204081632653,0.954485376210412
0.00424654710368996,0.0210204081632653,0.952362643232225
0.00445887445887446,0.0210204081632653,0.950266744864105
0.00467120181405896,0.0210204081632653,0.948197622050172
0.00488352916924346,0.0210204081632653,0.946155216488996
0.00509585652442795,0.0210204081632653,0.944139470631955
0.00530818387961245,0.0210204081632653,0.942150327681616
0.00552051123479695,0.0210204081632653,0.940187731590133
0.00573283858998145,0.0210204081632653,0.938251627057665
0.00594516594516595,0.0210204081632653,0.936341959530824
0.00615749330035044,0.0210204081632653,0.934458675201133
0.00636982065553494,0.0210204081632653,0.932601721003511
0.00658214801071944,0.0210204081632653,0.930771044614778
0.00679447536590394,0.0210204081632653,0.928966594452181
0.00700680272108844,0.0210204081632653,0.927188319671939
0.00721913007627293,0.0210204081632653,0.925436170167816
0.00743145743145743,0.0210204081632653,0.923710096569698
0.00764378478664193,0.0210204081632653,0.922010050242215
0.00785611214182643,0.0210204081632653,0.920335983283362
0.00806843949701093,0.0210204081632653,0.918687848523149
0.00828076685219542,0.0210204081632653,0.91706559952228
0.00849309420737992,0.0210204081632653,0.915469190570833
0.00870542156256442,0.0210204081632653,0.913898576686982
0.00891774891774892,0.0210204081632653,0.912353713615725
0.00913007627293342,0.0210204081632653,0.910834557827638
0.00934240362811791,0.0210204081632653,0.909341066517645
0.00955473098330241,0.0210204081632653,0.907873197603818
0.00976705833848691,0.0210204081632653,0.906430909726189
0.00997938569367141,0.0210204081632653,0.90501416224558
0.0101917130488559,0.0210204081632653,0.903622915242465
0.0104040404040404,0.0210204081632653,0.902257129515842
0.0106163677592249,0.0210204081632653,0.900916766582125
0.0108286951144094,0.0210204081632653,0.899601788674068
0.0110410224695939,0.0210204081632653,0.898312158739692
0.0112533498247784,0.0210204081632653,0.897047840441246
0.0114656771799629,0.0210204081632653,0.895808798154183
0.0116780045351474,0.0210204081632653,0.894594996966153
0.0118903318903319,0.0210204081632653,0.893406402676025
0.0121026592455164,0.0210204081632653,0.892242981792915
0.0123149866007009,0.0210204081632653,0.891104701535252
0.0125273139558854,0.0210204081632653,0.889991529829846
0.0127396413110699,0.0210204081632653,0.88890343531099
0.0129519686662544,0.0210204081632653,0.887840387319571
0.0131642960214389,0.0210204081632653,0.886802355902213
0.0133766233766234,0.0210204081632653,0.885789311810425
0.0135889507318079,0.0210204081632653,0.884801226499784
0.0138012780869924,0.0210204081632653,0.883838072129127
0.0140136054421769,0.0210204081632653,0.882899821559766
0.0142259327973614,0.0210204081632653,0.881986448354725
0.0144382601525459,0.0210204081632653,0.881097926777995
0.0146505875077304,0.0210204081632653,0.880234231793808
0.0148629148629149,0.0210204081632653,0.879395339065932
0.0150752422180994,0.0210204081632653,0.878581224956987
0.0152875695732839,0.0210204081632653,0.877791866527773
0.0154998969284684,0.0210204081632653,0.877027241536632
0.0157122242836529,0.0210204081632653,0.876287328438816
0.0159245516388374,0.0210204081632653,0.87557210638588
0.0161368789940219,0.0210204081632653,0.874881555225096
0.0163492063492064,0.0210204081632653,0.874215655498886
0.0165615337043908,0.0210204081632653,0.873574388444272
0.0167738610595753,0.0210204081632653,0.872957735992347
0.0169861884147598,0.0210204081632653,0.872365680767768
0.0171985157699443,0.0210204081632653,0.871798206088264
0.0174108431251288,0.0210204081632653,0.871255295964169
0.0176231704803133,0.0210204081632653,0.870736935097967
0.0178354978354978,0.0210204081632653,0.870243108883866
0.0180478251906823,0.0210204081632653,0.869773803407382
0.0182601525458668,0.0210204081632653,0.86932900544495
0.0184724799010513,0.0210204081632653,0.868908702463551
0.0186848072562358,0.0210204081632653,0.868512882620357
0.0188971346114203,0.0210204081632653,0.868141534762398
0.0191094619666048,0.0210204081632653,0.86779464842625
0.0193217893217893,0.0210204081632653,0.867472213837738
0.0195341166769738,0.0210204081632653,0.867174221911659
0.0197464440321583,0.0210204081632653,0.866900664251531
0.0199587713873428,0.0210204081632653,0.866651533149351
0.0201710987425273,0.0210204081632653,0.866426821585383
0.0203834260977118,0.0210204081632653,0.866226523227953
0.0205957534528963,0.0210204081632653,0.866050632433281
0.0208080808080808,0.0210204081632653,0.865899144245309
0.0210204081632653,0.0210204081632653,0.865772054395576
0,0.0222448979591837,1
0.000224695938981653,0.0222448979591837,0.997075140830507
0.000449391877963307,0.0222448979591837,0.994181744614955
0.00067408781694496,0.0222448979591837,0.991319720051507
0.000898783755926613,0.0222448979591837,0.988488976828267
0.00112347969490827,0.0222448979591837,0.985689425620429
0.00134817563388992,0.0222448979591837,0.982920978087457
0.00157287157287157,0.0222448979591837,0.980183546870302
0.00179756751185323,0.0222448979591837,0.977477045588642
0.00202226345083488,0.0222448979591837,0.974801388838156
0.00224695938981653,0.0222448979591837,0.972156492187828
0.00247165532879819,0.0222448979591837,0.96954227217729
0.00269635126777984,0.0222448979591837,0.966958646314177
0.00292104720676149,0.0222448979591837,0.964405533071534
0.00314574314574315,0.0222448979591837,0.961882851885238
0.0033704390847248,0.0222448979591837,0.959390523151456
0.00359513502370645,0.0222448979591837,0.956928468224136
0.00381983096268811,0.0222448979591837,0.954496609412522
0.00404452690166976,0.0222448979591837,0.952094869978706
0.00426922284065141,0.0222448979591837,0.949723174135202
0.00449391877963307,0.0222448979591837,0.947381447042558
0.00471861471861472,0.0222448979591837,0.945069614806994
0.00494331065759637,0.0222448979591837,0.942787604478068
0.00516800659657803,0.0222448979591837,0.940535344046378
0.00539270253555968,0.0222448979591837,0.938312762441286
0.00561739847454133,0.0222448979591837,0.936119789528677
0.00584209441352299,0.0222448979591837,0.933956356108745
0.00606679035250464,0.0222448979591837,0.931822393913811
0.00629148629148629,0.0222448979591837,0.929717835606167
0.00651618223046795,0.0222448979591837,0.927642614775953
0.0067408781694496,0.0222448979591837,0.925596665939059
0.00696557410843125,0.0222448979591837,0.923579924535061
0.00719027004741291,0.0222448979591837,0.921592326925184
0.00741496598639456,0.0222448979591837,0.91963381039029
0.00763966192537621,0.0222448979591837,0.917704313128903
0.00786435786435787,0.0222448979591837,0.915803774255257
0.00808905380333952,0.0222448979591837,0.913932133797376
0.00831374974232117,0.0222448979591837,0.91208933269518
0.00853844568130283,0.0222448979591837,0.910275312798622
0.00876314162028448,0.0222448979591837,0.908490016865853
0.00898783755926613,0.0222448979591837,0.906733388561416
0.00921253349824779,0.0222448979591837,0.905005372454469
0.00943722943722944,0.0222448979591837,0.903305914017032
0.00966192537621109,0.0222448979591837,0.901634959622274
0.00988662131519275,0.0222448979591837,0.899992456542812
0.0101113172541744,0.0222448979591837,0.898378352949055
0.0103360131931561,0.0222448979591837,0.89679259790756
0.0105607091321377,0.0222448979591837,0.895235141379435
0.0107854050711194,0.0222448979591837,0.89370593421875
0.011010101010101,0.0222448979591837,0.892204928170994
0.0112347969490827,0.0222448979591837,0.890732075871549
0.0114594928880643,0.0222448979591837,0.889287330844193
0.011684188827046,0.0222448979591837,0.887870647499637
0.0119088847660276,0.0222448979591837,0.886481981134088
0.0121335807050093,0.0222448979591837,0.885121287927832
0.0123582766439909,0.0222448979591837,0.883788524943857
0.0125829725829726,0.0222448979591837,0.882483650126495
0.0128076685219542,0.0222448979591837,0.881206622300098
0.0130323644609359,0.0222448979591837,0.879957401167736
0.0132570603999175,0.0222448979591837,0.878735947309923
0.0134817563388992,0.0222448979591837,0.877542222183382
0.0137064522778809,0.0222448979591837,0.876376188119817
0.0139311482168625,0.0222448979591837,0.875237808324735
0.0141558441558442,0.0222448979591837,0.874127046876279
0.0143805400948258,0.0222448979591837,0.873043868724093
0.0146052360338075,0.0222448979591837,0.871988239688224
0.0148299319727891,0.0222448979591837,0.870960126458033
0.0150546279117708,0.0222448979591837,0.869959496591153
0.0152793238507524,0.0222448979591837,0.868986318512459
0.0155040197897341,0.0222448979591837,0.868040561513075
0.0157287157287157,0.0222448979591837,0.867122195749404
0.0159534116676974,0.0222448979591837,0.866231192242185
0.016178107606679,0.0222448979591837,0.865367522875582
0.0164028035456607,0.0222448979591837,0.864531160396294
0.0166274994846423,0.0222448979591837,0.863722078412693
0.016852195423624,0.0222448979591837,0.862940251393997
0.0170768913626057,0.0222448979591837,0.862185654669461
0.0173015873015873,0.0222448979591837,0.861458264427596
0.017526283240569,0.0222448979591837,0.860758057715423
0.0177509791795506,0.0222448979591837,0.860085012437745
0.0179756751185323,0.0222448979591837,0.859439107356451
0.0182003710575139,0.0222448979591837,0.858820322089845
0.0184250669964956,0.0222448979591837,0.858228637112005
0.0186497629354772,0.0222448979591837,0.857664033752164
0.0188744588744589,0.0222448979591837,0.857126494194123
0.0190991548134405,0.0222448979591837,0.856616001475688
0.0193238507524222,0.0222448979591837,0.856132539488132
0.0195485466914038,0.0222448979591837,0.855676092975694
0.0197732426303855,0.0222448979591837,0.855246647535091
0.0199979385693671,0.0222448979591837,0.854844189615064
0.0202226345083488,0.0222448979591837,0.854468706515954
0.0204473304473305,0.0222448979591837,0.854120186389299
0.0206720263863121,0.0222448979591837,0.853798618237458
0.0208967223252938,0.0222448979591837,0.85350399191327
0.0211214182642754,0.0222448979591837,0.853236298119727
0.0213461142032571,0.0222448979591837,0.852995528409685
0.0215708101422387,0.0222448979591837,0.852781675185596
0.0217955060812204,0.0222448979591837,0.852594731699268
0.022020202020202,0.0222448979591837,0.852434692051654
0.0222448979591837,0.0222448979591837,0.852301551192662
0,0.023469387755102,1
0.000237064522778808,0.023469387755102,0.996785460900981
0.000474129045557617,0.023469387755102,0.993605933737062
0.000711193568336425,0.023469387755102,0.990461306827842
0.000948258091115234,0.023469387755102,0.987351469718787
0.00118532261389404,0.023469387755102,0.984276313177351
0.00142238713667285,0.023469387755102,0.981235729189136
0.00165945165945166,0.023469387755102,0.978229610954099
0.00189651618223047,0.023469387755102,0.975257852882802
0.00213358070500928,0.023469387755102,0.972320350592704
0.00237064522778809,0.023469387755102,0.96941700090449
0.00260770975056689,0.023469387755102,0.966547701838453
0.0028447742733457,0.023469387755102,0.963712352610905
0.00308183879612451,0.023469387755102,0.960910853630645
0.00331890331890332,0.023469387755102,0.958143106495453
0.00355596784168213,0.023469387755102,0.955409013988641
0.00379303236446094,0.023469387755102,0.952708480075632
0.00403009688723974,0.023469387755102,0.950041409900589
0.00426716141001855,0.023469387755102,0.947407709783086
0.00450422593279736,0.023469387755102,0.944807287214813
0.00474129045557617,0.023469387755102,0.94224005085633
0.00497835497835498,0.023469387755102,0.939705910533858
0.00521541950113379,0.023469387755102,0.937204777236109
0.0054524840239126,0.023469387755102,0.934736563111163
0.0056895485466914,0.023469387755102,0.932301181463381
0.00592661306947021,0.023469387755102,0.92989854675036
0.00616367759224902,0.023469387755102,0.927528574579926
0.00640074211502783,0.023469387755102,0.925191181707174
0.00663780663780664,0.023469387755102,0.922886286031542
0.00687487116058545,0.023469387755102,0.920613806593924
0.00711193568336425,0.023469387755102,0.918373663573832
0.00734900020614306,0.023469387755102,0.91616577828659
0.00758606472892187,0.023469387755102,0.913990073180568
0.00782312925170068,0.023469387755102,0.91184647183446
0.00806019377447949,0.023469387755102,0.909734898954602
0.0082972582972583,0.023469387755102,0.907655280372323
0.00853432282003711,0.023469387755102,0.905607543041341
0.00877138734281591,0.023469387755102,0.9035916150352
0.00900845186559472,0.023469387755102,0.90160742554474
0.00924551638837353,0.023469387755102,0.899654904875612
0.00948258091115234,0.023469387755102,0.897733984445831
0.00971964543393115,0.023469387755102,0.895844596783362
0.00995670995670996,0.023469387755102,0.893986675523758
0.0101937744794888,0.023469387755102,0.89216015540782
0.0104308390022676,0.023469387755102,0.890364972279313
0.0106679035250464,0.023469387755102,0.888601063082707
0.0109049680478252,0.023469387755102,0.886868365860963
0.011142032570604,0.023469387755102,0.885166819753362
0.0113790970933828,0.023469387755102,0.883496364993357
0.0116161616161616,0.023469387755102,0.881856942906486
0.0118532261389404,0.023469387755102,0.8802484959083
0.0120902906617192,0.023469387755102,0.878670967502347
0.012327355184498,0.023469387755102,0.877124302278186
0.0125644197072769,0.023469387755102,0.875608445909441
0.0128014842300557,0.023469387755102,0.874123345151892
0.0130385487528345,0.023469387755102,0.872668947841602
0.0132756132756133,0.023469387755102,0.871245202893094
0.0135126777983921,0.023469387755102,0.869852060297544
0.0137497423211709,0.023469387755102,0.868489471121035
0.0139868068439497,0.023469387755102,0.867157387502834
0.0142238713667285,0.023469387755102,0.865855762653709
0.0144609358895073,0.023469387755102,0.864584550854288
0.0146980004122861,0.023469387755102,0.863343707453454
0.0149350649350649,0.023469387755102,0.862133188866774
0.0151721294578437,0.023469387755102,0.860952952574971
0.0154091939806226,0.023469387755102,0.859802957122427
0.0156462585034014,0.023469387755102,0.858683162115729
0.0158833230261802,0.023469387755102,0.857593528222252
0.016120387548959,0.023469387755102,0.856534017168774
0.0163574520717378,0.023469387755102,0.855504591740132
0.0165945165945166,0.023469387755102,0.854505215777918
0.0168315811172954,0.023469387755102,0.853535854179205
0.0170686456400742,0.023469387755102,0.852596472895318
0.017305710162853,0.023469387755102,0.851687038930634
0.0175427746856318,0.023469387755102,0.850807520341426
0.0177798392084106,0.023469387755102,0.84995788623474
0.0180169037311894,0.023469387755102,0.849138106767309
0.0182539682539683,0.023469387755102,0.848348153144506
0.0184910327767471,0.023469387755102,0.847587997619332
0.0187280972995259,0.023469387755102,0.846857613491442
0.0189651618223047,0.023469387755102,0.846156975106206
0.0192022263450835,0.023469387755102,0.84548605785381
0.0194392908678623,0.023469387755102,0.844844838168389
0.0196763553906411,0.023469387755102,0.844233293527201
0.0199134199134199,0.023469387755102,0.843651402449835
0.0201504844361987,0.023469387755102,0.843099144497456
0.0203875489589775,0.023469387755102,0.84257650027209
0.0206246134817563,0.023469387755102,0.842083451415939
0.0208616780045351,0.023469387755102,0.841619980610739
0.021098742527314,0.023469387755102,0.841186071577148
0.0213358070500928,0.023469387755102,0.840781709074179
0.0215728715728716,0.023469387755102,0.840406878898663
0.0218099360956504,0.023469387755102,0.840061567884746
0.0220470006184292,0.023469387755102,0.839745763903434
0.022284065141208,0.023469387755102,0.839459455862159
0.0225211296639868,0.023469387755102,0.839202633704397
0.0227581941867656,0.023469387755102,0.838975288409309
0.0229952587095444,0.023469387755102,0.838777411991426
0.0232323232323232,0.023469387755102,0.83860899750037
0.023469387755102,0.023469387755102,0.838470039020608
0,0.0246938775510204,1
0.000249433106575964,0.0246938775510204,0.996486829955856
0.000498866213151927,0.0246938775510204,0.993012408972398
0.000748299319727891,0.0246938775510204,0.989576601944431
0.000997732426303855,0.0246938775510204,0.986179275268287
0.00124716553287982,0.0246938775510204,0.982820296836631
0.00149659863945578,0.0246938775510204,0.979499536033329
0.00174603174603175,0.0246938775510204,0.976216863728364
0.00199546485260771,0.0246938775510204,0.972972152272814
0.00224489795918367,0.0246938775510204,0.969765275493891
0.00249433106575964,0.0246938775510204,0.966596108690036
0.0027437641723356,0.0246938775510204,0.963464528626064
0.00299319727891156,0.0246938775510204,0.96037041352838
0.00324263038548753,0.0246938775510204,0.957313643080235
0.00349206349206349,0.0246938775510204,0.954294098417055
0.00374149659863946,0.0246938775510204,0.951311662121815
0.00399092970521542,0.0246938775510204,0.948366218220473
0.00424036281179138,0.0246938775510204,0.945457652177461
0.00448979591836735,0.0246938775510204,0.942585850891232
0.00473922902494331,0.0246938775510204,0.939750702689863
0.00498866213151928,0.0246938775510204,0.936952097326707
0.00523809523809524,0.0246938775510204,0.934189925976112
0.0054875283446712,0.0246938775510204,0.931464081229189
0.00573696145124717,0.0246938775510204,0.928774457089629
0.00598639455782313,0.0246938775510204,0.92612094896959
0.00623582766439909,0.0246938775510204,0.923503453685623
0.00648526077097506,0.0246938775510204,0.920921869454663
0.00673469387755102,0.0246938775510204,0.918376095890071
0.00698412698412698,0.0246938775510204,0.915866033997729
0.00723356009070295,0.0246938775510204,0.913391586172192
0.00748299319727891,0.0246938775510204,0.910952656192893
0.00773242630385488,0.0246938775510204,0.908549149220398
0.00798185941043084,0.0246938775510204,0.906180971792721
0.0082312925170068,0.0246938775510204,0.903848031821691
0.00848072562358277,0.0246938775510204,0.901550238589368
0.00873015873015873,0.0246938775510204,0.899287502744515
0.00897959183673469,0.0246938775510204,0.897059736299128
0.00922902494331066,0.0246938775510204,0.89486685262501
0.00947845804988662,0.0246938775510204,0.892708766450404
0.00972789115646258,0.0246938775510204,0.890585393856678
0.00997732426303855,0.0246938775510204,0.888496652275059
0.0102267573696145,0.0246938775510204,0.886442460483427
0.0104761904761905,0.0246938775510204,0.884422738603152
0.0107256235827664,0.0246938775510204,0.882437408095989
0.0109750566893424,0.0246938775510204,0.880486391761028
0.0112244897959184,0.0246938775510204,0.878569613731684
0.0114739229024943,0.0246938775510204,0.876686999472756
0.0117233560090703,0.0246938775510204,0.87483847577752
0.0119727891156463,0.0246938775510204,0.873023970764891
0.0122222222222222,0.0246938775510204,0.87124341387662
0.0124716553287982,0.0246938775510204,0.869496735874554
0.0127210884353742,0.0246938775510204,0.867783868837945
0.0129705215419501,0.0246938775510204,0.866104746160805
0.0132199546485261,0.0246938775510204,0.864459302549321
0.013469387755102,0.0246938775510204,0.862847474019309
0.013718820861678,0.0246938775510204,0.861269197893734
0.013968253968254,0.0246938775510204,0.859724412800267
0.0142176870748299,0.0246938775510204,0.858213058668901
0.0144671201814059,0.0246938775510204,0.856735076729612
0.0147165532879819,0.0246938775510204,0.855290409510081
0.0149659863945578,0.0246938775510204,0.853879000833448
0.0152154195011338,0.0246938775510204,0.85250079581614
0.0154648526077098,0.0246938775510204,0.851155740865726
0.0157142857142857,0.0246938775510204,0.849843783678841
0.0159637188208617,0.0246938775510204,0.848564873239147
0.0162131519274376,0.0246938775510204,0.84731895981535
0.0164625850340136,0.0246938775510204,0.846105994959269
0.0167120181405896,0.0246938775510204,0.844925931503951
0.0169614512471655,0.0246938775510204,0.843778723561833
0.0172108843537415,0.0246938775510204,0.842664326522963
0.0174603174603175,0.0246938775510204,0.841582697053263
0.0177097505668934,0.0246938775510204,0.840533793092843
0.0179591836734694,0.0246938775510204,0.839517573854367
0.0182086167800454,0.0246938775510204,0.838533999821466
0.0184580498866213,0.0246938775510204,0.837583032747203
0.0187074829931973,0.0246938775510204,0.836664635652584
0.0189569160997732,0.0246938775510204,0.835778772825118
0.0192063492063492,0.0246938775510204,0.834925409817435
0.0194557823129252,0.0246938775510204,0.83410451344594
0.0197052154195011,0.0246938775510204,0.833316051789525
0.0199546485260771,0.0246938775510204,0.832559994188329
0.0202040816326531,0.0246938775510204,0.831836311242542
0.020453514739229,0.0246938775510204,0.831144974811267
0.020702947845805,0.0246938775510204,0.830485958011422
0.020952380952381,0.0246938775510204,0.829859235216695
0.0212018140589569,0.0246938775510204,0.829264782056549
0.0214512471655329,0.0246938775510204,0.828702575415272
0.0217006802721088,0.0246938775510204,0.828172593431082
0.0219501133786848,0.0246938775510204,0.827674815495272
0.0221995464852608,0.0246938775510204,0.827209222251412
0.0224489795918367,0.0246938775510204,0.826775795594596
0.0226984126984127,0.0246938775510204,0.826374518670737
0.0229478458049887,0.0246938775510204,0.826005375875912
0.0231972789115646,0.0246938775510204,0.825668352855754
0.0234467120181406,0.0246938775510204,0.825363436504898
0.0236961451247166,0.0246938775510204,0.825090614966465
0.0239455782312925,0.0246938775510204,0.824849877631606
0.0241950113378685,0.0246938775510204,0.824641215139089
0.0244444444444444,0.0246938775510204,0.824464619374932
0.0246938775510204,0.0246938775510204,0.82432008347209
0,0.0259183673469388,1
0.000261801690373119,0.0259183673469388,0.996179932853233
0.000523603380746238,0.0259183673469388,0.992402539794554
0.000785405071119357,0.0259183673469388,0.988667659009017
0.00104720676149248,0.0259183673469388,0.984975130502801
0.00130900845186559,0.0259183673469388,0.981324796096365
0.00157081014223871,0.0259183673469388,0.977716499417663
0.00183261183261183,0.0259183673469388,0.974150085895454
0.00209441352298495,0.0259183673469388,0.970625402752673
0.00235621521335807,0.0259183673469388,0.967142298999892
0.00261801690373119,0.0259183673469388,0.96370062542885
0.00287981859410431,0.0259183673469388,0.960300234606059
0.00314162028447743,0.0259183673469388,0.956940980866492
0.00340342197485055,0.0259183673469388,0.953622720307339
0.00366522366522366,0.0259183673469388,0.950345310781848
0.00392702535559678,0.0259183673469388,0.947108611893231
0.0041888270459699,0.0259183673469388,0.943912484988651
0.00445062873634302,0.0259183673469388,0.940756793153283
0.00471243042671614,0.0259183673469388,0.937641401204448
0.00497423211708926,0.0259183673469388,0.934566175685825
0.00523603380746238,0.0259183673469388,0.931530984861729
0.0054978354978355,0.0259183673469388,0.928535698711473
0.00575963718820862,0.0259183673469388,0.925580188923793
0.00602143887858173,0.0259183673469388,0.922664328891356
0.00628324056895485,0.0259183673469388,0.919787993705333
0.00654504225932797,0.0259183673469388,0.916951060150052
0.00680684394970109,0.0259183673469388,0.914153406697716
0.00706864564007421,0.0259183673469388,0.911394913503199
0.00733044733044733,0.0259183673469388,0.90867546239891
0.00759224902082045,0.0259183673469388,0.905994936889735
0.00785405071119357,0.0259183673469388,0.903353222148043
0.00811585240156669,0.0259183673469388,0.900750205008768
0.00837765409193981,0.0259183673469388,0.898185773964562
0.00863945578231293,0.0259183673469388,0.895659819161016
0.00890125747268604,0.0259183673469388,0.89317223239196
0.00916305916305916,0.0259183673469388,0.890722907094819
0.00942486085343228,0.0259183673469388,0.888311738346055
0.0096866625438054,0.0259183673469388,0.885938622856669
0.00994846423417852,0.0259183673469388,0.883603458967779
0.0102102659245516,0.0259183673469388,0.881306146646262
0.0104720676149248,0.0259183673469388,0.879046587480469
0.0107338693052979,0.0259183673469388,0.876824684676014
0.010995670995671,0.0259183673469388,0.874640343051622
0.0112574726860441,0.0259183673469388,0.872493469035052
0.0115192743764172,0.0259183673469388,0.870383970659094
0.0117810760667904,0.0259183673469388,0.868311757557623
0.0120428777571635,0.0259183673469388,0.866276740961732
0.0123046794475366,0.0259183673469388,0.864278833695926
0.0125664811379097,0.0259183673469388,0.862317950174393
0.0128282828282828,0.0259183673469388,0.860394006397329
0.0130900845186559,0.0259183673469388,0.858506919947351
0.0133518862090291,0.0259183673469388,0.856656609985954
0.0136136878994022,0.0259183673469388,0.85484299725006
0.0138754895897753,0.0259183673469388,0.853066004048614
0.0141372912801484,0.0259183673469388,0.851325554259257
0.0143990929705215,0.0259183673469388,0.849621573325071
0.0146608946608947,0.0259183673469388,0.847953988251378
0.0149226963512678,0.0259183673469388,0.846322727602618
0.0151844980416409,0.0259183673469388,0.844727721499284
0.015446299732014,0.0259183673469388,0.843168901614936
0.0157081014223871,0.0259183673469388,0.841646201173265
0.0159699031127603,0.0259183673469388,0.840159554945239
0.0162317048031334,0.0259183673469388,0.838708899246308
0.0164935064935065,0.0259183673469388,0.837294171933673
0.0167553081838796,0.0259183673469388,0.835915312403624
0.0170171098742527,0.0259183673469388,0.83457226158895
0.0172789115646259,0.0259183673469388,0.833264961956399
0.017540713254999,0.0259183673469388,0.831993357504222
0.0178025149453721,0.0259183673469388,0.830757393759769
0.0180643166357452,0.0259183673469388,0.829557017777158
0.0183261183261183,0.0259183673469388,0.828392178135005
0.0185879200164914,0.0259183673469388,0.827262824934223
0.0188497217068646,0.0259183673469388,0.826168909795882
0.0191115233972377,0.0259183673469388,0.825110385859141
0.0193733250876108,0.0259183673469388,0.824087207779236
0.0196351267779839,0.0259183673469388,0.823099331725539
0.019896928468357,0.0259183673469388,0.822146715379682
0.0201587301587302,0.0259183673469388,0.821229317933741
0.0204205318491033,0.0259183673469388,0.820347100088492
0.0206823335394764,0.0259183673469388,0.819500024051723
0.0209441352298495,0.0259183673469388,0.81868805353662
0.0212059369202226,0.0259183673469388,0.817911153760207
0.0214677386105958,0.0259183673469388,0.817169291441861
0.0217295403009689,0.0259183673469388,0.816462434801884
0.021991341991342,0.0259183673469388,0.81579055356014
0.0222531436817151,0.0259183673469388,0.815153618934763
0.0225149453720882,0.0259183673469388,0.814551603640916
0.0227767470624613,0.0259183673469388,0.813984481889632
0.0230385487528345,0.0259183673469388,0.813452229386702
0.0233003504432076,0.0259183673469388,0.812954823331634
0.0235621521335807,0.0259183673469388,0.812492242416684
0.0238239538239538,0.0259183673469388,0.812064466825934
0.0240857555143269,0.0259183673469388,0.811671478234448
0.0243475572047001,0.0259183673469388,0.811313259807486
0.0246093588950732,0.0259183673469388,0.810989796199785
0.0248711605854463,0.0259183673469388,0.810701073554896
0.0251329622758194,0.0259183673469388,0.810447079504598
0.0253947639661925,0.0259183673469388,0.81022780316836
0.0256565656565657,0.0259183673469388,0.810043235152883
0.0259183673469388,0.0259183673469388,0.809893367551691
0,0.0271428571428571,1
0.000274170274170274,0.0271428571428571,0.995865438834598
0.000548340548340548,0.0271428571428571,0.991777664444248
0.000822510822510823,0.0271428571428571,0.987736484781137
0.0010966810966811,0.0271428571428571,0.983741709986518
0.00137085137085137,0.0271428571428571,0.979793152381793
0.00164502164502165,0.0271428571428571,0.975890626459695
0.00191919191919192,0.0271428571428571,0.97203394887557
0.00219336219336219,0.0271428571428571,0.968222938438769
0.00246753246753247,0.0271428571428571,0.96445741610413
0.00274170274170274,0.0271428571428571,0.960737204963571
0.00301587301587302,0.0271428571428571,0.957062130237772
0.00329004329004329,0.0271428571428571,0.953432019267972
0.00356421356421356,0.0271428571428571,0.949846701507851
0.00383838383838384,0.0271428571428571,0.94630600851552
0.00411255411255411,0.0271428571428571,0.942809773945607
0.00438672438672439,0.0271428571428571,0.939357833541444
0.00466089466089466,0.0271428571428571,0.935950025127344
0.00493506493506493,0.0271428571428571,0.932586188600991
0.00520923520923521,0.0271428571428571,0.929266165925909
0.00548340548340548,0.0271428571428571,0.925989801124043
0.00575757575757576,0.0271428571428571,0.922756940268431
0.00603174603174603,0.0271428571428571,0.919567431475969
0.00630591630591631,0.0271428571428571,0.916421124900276
0.00658008658008658,0.0271428571428571,0.913317872724659
0.00685425685425685,0.0271428571428571,0.910257529155161
0.00712842712842713,0.0271428571428571,0.907239950413717
0.0074025974025974,0.0271428571428571,0.904264994731397
0.00767676767676768,0.0271428571428571,0.901332522341746
0.00795093795093795,0.0271428571428571,0.898442395474217
0.00822510822510823,0.0271428571428571,0.895594478347699
0.0084992784992785,0.0271428571428571,0.892788637164137
0.00877344877344877,0.0271428571428571,0.89002474010225
0.00904761904761905,0.0271428571428571,0.887302657311329
0.00932178932178932,0.0271428571428571,0.884622260905148
0.0095959595959596,0.0271428571428571,0.881983424955946
0.00987012987012987,0.0271428571428571,0.879386025488516
0.0101443001443001,0.0271428571428571,0.876829940474379
0.0104184704184704,0.0271428571428571,0.874315049826052
0.0106926406926407,0.0271428571428571,0.871841235391405
0.010966810966811,0.0271428571428571,0.869408380948109
0.0112409812409812,0.0271428571428571,0.86701637219818
0.0115151515151515,0.0271428571428571,0.864665096762603
0.0117893217893218,0.0271428571428571,0.862354444176059
0.0120634920634921,0.0271428571428571,0.860084305881729
0.0123376623376623,0.0271428571428571,0.857854575226199
0.0126118326118326,0.0271428571428571,0.855665147454447
0.0128860028860029,0.0271428571428571,0.85351591970492
0.0131601731601732,0.0271428571428571,0.851406791004705
0.0134343434343434,0.0271428571428571,0.849337662264781
0.0137085137085137,0.0271428571428571,0.847308436275368
0.013982683982684,0.0271428571428571,0.845319017701357
0.0142568542568543,0.0271428571428571,0.843369313077833
0.0145310245310245,0.0271428571428571,0.841459230805682
0.0148051948051948,0.0271428571428571,0.839588681147288
0.0150793650793651,0.0271428571428571,0.837757576222319
0.0153535353535354,0.0271428571428571,0.835965830003596
0.0156277056277056,0.0271428571428571,0.834213358313052
0.0159018759018759,0.0271428571428571,0.832500078817778
0.0161760461760462,0.0271428571428571,0.830825911026155
0.0164502164502165,0.0271428571428571,0.829190776284069
0.0167243867243867,0.0271428571428571,0.827594597771222
0.016998556998557,0.0271428571428571,0.826037300497518
0.0172727272727273,0.0271428571428571,0.82451881129954
0.0175468975468975,0.0271428571428571,0.823039058837116
0.0178210678210678,0.0271428571428571,0.821597973589963
0.0180952380952381,0.0271428571428571,0.820195487854427
0.0183694083694084,0.0271428571428571,0.818831535740295
0.0186435786435786,0.0271428571428571,0.817506053167705
0.0189177489177489,0.0271428571428571,0.816218977864131
0.0191919191919192,0.0271428571428571,0.814970249361463
0.0194660894660895,0.0271428571428571,0.813759808993159
0.0197402597402597,0.0271428571428571,0.812587599891496
0.02001443001443,0.0271428571428571,0.811453566984894
0.0202886002886003,0.0271428571428571,0.810357656995329
0.0205627705627706,0.0271428571428571,0.80929981843583
0.0208369408369408,0.0271428571428571,0.808280001608062
0.0211111111111111,0.0271428571428571,0.807298158599989
0.0213852813852814,0.0271428571428571,0.806354243283625
0.0216594516594517,0.0271428571428571,0.805448211312863
0.0219336219336219,0.0271428571428571,0.804580020121398
0.0222077922077922,0.0271428571428571,0.80374962892072
0.0224819624819625,0.0271428571428571,0.802956998698203
0.0227561327561328,0.0271428571428571,0.80220209221527
0.023030303030303,0.0271428571428571,0.801484874005643
0.0233044733044733,0.0271428571428571,0.80080531037368
0.0235786435786436,0.0271428571428571,0.800163369392786
0.0238528138528139,0.0271428571428571,0.799559020903919
0.0241269841269841,0.0271428571428571,0.798992236514171
0.0244011544011544,0.0271428571428571,0.79846298959543
0.0246753246753247,0.0271428571428571,0.797971255283138
0.0249494949494949,0.0271428571428571,0.797517010475114
0.0252236652236652,0.0271428571428571,0.797100233830474
0.0254978354978355,0.0271428571428571,0.796720905768624
0.0257720057720058,0.0271428571428571,0.796379008468345
0.026046176046176,0.0271428571428571,0.796074525866954
0.0263203463203463,0.0271428571428571,0.795807443659546
0.0265945165945166,0.0271428571428571,0.795577749298328
0.0268686868686869,0.0271428571428571,0.795385431992022
0.0271428571428571,0.0271428571428571,0.795230482705366
0,0.0283673469387755,1
0.000286538857967429,0.0283673469387755,0.99554399855609
0.000573077715934859,0.0283673469387755,0.991139083992691
0.000859616573902288,0.0283673469387755,0.98678503026922
0.00114615543186972,0.0283673469387755,0.98248161395505
0.00143269428983715,0.0283673469387755,0.978228614218035
0.00171923314780458,0.0283673469387755,0.974025812813186
0.00200577200577201,0.0283673469387755,0.96987299407147
0.00229231086373944,0.0283673469387755,0.965769944888739
0.00257884972170686,0.0283673469387755,0.961716454714797
0.00286538857967429,0.0283673469387755,0.957712315542597
0.00315192743764172,0.0283673469387755,0.953757321897564
0.00343846629560915,0.0283673469387755,0.949851270827053
0.00372500515357658,0.0283673469387755,0.945993961889934
0.00401154401154401,0.0283673469387755,0.942185197146306
0.00429808286951144,0.0283673469387755,0.938424781147338
0.00458462172747887,0.0283673469387755,0.934712520925244
0.0048711605854463,0.0283673469387755,0.931048225983376
0.00515769944341373,0.0283673469387755,0.927431708286451
0.00544423830138116,0.0283673469387755,0.923862782250899
0.00573077715934859,0.0283673469387755,0.920341264735346
0.00601731601731602,0.0283673469387755,0.916866975031209
0.00630385487528345,0.0283673469387755,0.913439734853426
0.00659039373325088,0.0283673469387755,0.910059368331308
0.0068769325912183,0.0283673469387755,0.906725701999512
0.00716347144918573,0.0283673469387755,0.903438564789143
0.00745001030715316,0.0283673469387755,0.900197788018969
0.00773654916512059,0.0283673469387755,0.897003205386773
0.00802308802308802,0.0283673469387755,0.893854652960813
0.00830962688105545,0.0283673469387755,0.890751969171413
0.00859616573902288,0.0283673469387755,0.887694994802671
0.00888270459699031,0.0283673469387755,0.884683572984288
0.00916924345495774,0.0283673469387755,0.881717549183519
0.00945578231292517,0.0283673469387755,0.878796771197243
0.0097423211708926,0.0283673469387755,0.875921089144154
0.01002886002886,0.0283673469387755,0.873090355457066
0.0103153988868275,0.0283673469387755,0.870304424875344
0.0106019377447949,0.0283673469387755,0.867563154437448
0.0108884766027623,0.0283673469387755,0.864866403473599
0.0111750154607297,0.0283673469387755,0.862214033598557
0.0114615543186972,0.0283673469387755,0.859605908704523
0.0117480931766646,0.0283673469387755,0.857041894954152
0.012034632034632,0.0283673469387755,0.854521860773688
0.0123211708925995,0.0283673469387755,0.85204567684621
0.0126077097505669,0.0283673469387755,0.849613216104994
0.0128942486085343,0.0283673469387755,0.847224353726999
0.0131807874665018,0.0283673469387755,0.844878967126456
0.0134673263244692,0.0283673469387755,0.842576935948577
0.0137538651824366,0.0283673469387755,0.840318142063384
0.014040404040404,0.0283673469387755,0.838102469559644
0.0143269428983715,0.0283673469387755,0.835929804738918
0.0146134817563389,0.0283673469387755,0.833800036109734
0.0149000206143063,0.0283673469387755,0.831713054381858
0.0151865594722738,0.0283673469387755,0.829668752460689
0.0154730983302412,0.0283673469387755,0.827667025441767
0.0157596371882086,0.0283673469387755,0.825707770605383
0.016046176046176,0.0283673469387755,0.82379088741131
0.0163327149041435,0.0283673469387755,0.821916277493649
0.0166192537621109,0.0283673469387755,0.820083844655775
0.0169057926200783,0.0283673469387755,0.8182934948654
0.0171923314780458,0.0283673469387755,0.816545136249755
0.0174788703360132,0.0283673469387755,0.814838679090869
0.0177654091939806,0.0283673469387755,0.813174035820966
0.0180519480519481,0.0283673469387755,0.811551121017974
0.0183384869099155,0.0283673469387755,0.809969851401139
0.0186250257678829,0.0283673469387755,0.808430145826753
0.0189115646258503,0.0283673469387755,0.806931925283987
0.0191981034838178,0.0283673469387755,0.805475112890843
0.0194846423417852,0.0283673469387755,0.804059633890202
0.0197711811997526,0.0283673469387755,0.802685415645991
0.0200577200577201,0.0283673469387755,0.801352387639454
0.0203442589156875,0.0283673469387755,0.800060481465537
0.0206307977736549,0.0283673469387755,0.798809630829373
0.0209173366316223,0.0283673469387755,0.797599771542882
0.0212038754895898,0.0283673469387755,0.79643084152148
0.0214904143475572,0.0283673469387755,0.795302780780887
0.0217769532055246,0.0283673469387755,0.794215531434055
0.0220634920634921,0.0283673469387755,0.793169037688194
0.0223500309214595,0.0283673469387755,0.792163245841908
0.0226365697794269,0.0283673469387755,0.791198104282444
0.0229231086373944,0.0283673469387755,0.790273563483038
0.0232096474953618,0.0283673469387755,0.789389576000379
0.0234961863533292,0.0283673469387755,0.788546096472168
0.0237827252112966,0.0283673469387755,0.787743081614796
0.0240692640692641,0.0283673469387755,0.78698049022112
0.0243558029272315,0.0283673469387755,0.786258283158348
0.0246423417851989,0.0283673469387755,0.785576423366033
0.0249288806431664,0.0283673469387755,0.784934875854171
0.0252154195011338,0.0283673469387755,0.784333607701401
0.0255019583591012,0.0283673469387755,0.783772588053324
0.0257884972170686,0.0283673469387755,0.78325178812091
0.0260750360750361,0.0283673469387755,0.782771181179029
0.0263615749330035,0.0283673469387755,0.782330742565075
0.0266481137909709,0.0283673469387755,0.781930449677702
0.0269346526489384,0.0283673469387755,0.781570281975662
0.0272211915069058,0.0283673469387755,0.781250220976755
0.0275077303648732,0.0283673469387755,0.780970250256877
0.0277942692228407,0.0283673469387755,0.780730355449178
0.0280808080808081,0.0283673469387755,0.780530524243326
0.0283673469387755,0.0283673469387755,0.780370746384874
0,0.0295918367346939,1
0.000298907441764585,0.0295918367346939,0.995216241536249
0.000597814883529169,0.0295918367346939,0.99048805723779
0.000896722325293754,0.0295918367346939,0.985815183076679
0.00119562976705834,0.0295918367346939,0.981197358113567
0.00149453720882292,0.0295918367346939,0.976634324483118
0.00179344465058751,0.0295918367346939,0.97212582737962
0.00209235209235209,0.0295918367346939,0.967671615042749
0.00239125953411668,0.0295918367346939,0.963271438743511
0.00269016697588126,0.0295918367346939,0.958925052770358
0.00298907441764585,0.0295918367346939,0.954632214415462
0.00328798185941043,0.0295918367346939,0.950392683961162
0.00358688930117502,0.0295918367346939,0.946206224666582
0.0038857967429396,0.0295918367346939,0.942072602754406
0.00418470418470419,0.0295918367346939,0.937991587397828
0.00448361162646877,0.0295918367346939,0.933962950707658
0.00478251906823335,0.0295918367346939,0.9299864677196
0.00508142650999794,0.0295918367346939,0.926061916381688
0.00538033395176252,0.0295918367346939,0.922189077541888
0.00567924139352711,0.0295918367346939,0.918367734935857
0.00597814883529169,0.0295918367346939,0.91459767517487
0.00627705627705628,0.0295918367346939,0.9108786877339
0.00657596371882086,0.0295918367346939,0.907210564939869
0.00687487116058545,0.0295918367346939,0.903593101960042
0.00717377860235003,0.0295918367346939,0.900026096790596
0.00747268604411462,0.0295918367346939,0.896509350245339
0.0077715934858792,0.0295918367346939,0.893042665944583
0.00807050092764378,0.0295918367346939,0.889625850304182
0.00836940836940837,0.0295918367346939,0.886258712524721
0.00866831581117295,0.0295918367346939,0.882941064580861
0.00896722325293754,0.0295918367346939,0.879672721210838
0.00926613069470212,0.0295918367346939,0.876453499906122
0.00956503813646671,0.0295918367346939,0.87328322090122
0.00986394557823129,0.0295918367346939,0.870161707163643
0.0101628530199959,0.0295918367346939,0.867088784384017
0.0104617604617605,0.0295918367346939,0.864064280966348
0.010760667903525,0.0295918367346939,0.861088028018445
0.0110595753452896,0.0295918367346939,0.858159859342484
0.0113584827870542,0.0295918367346939,0.855279611425729
0.0116573902288188,0.0295918367346939,0.852447123431404
0.0119562976705834,0.0295918367346939,0.849662237189705
0.012255205112348,0.0295918367346939,0.846924797188974
0.0125541125541126,0.0295918367346939,0.844234650567012
0.0128530199958771,0.0295918367346939,0.841591647102544
0.0131519274376417,0.0295918367346939,0.838995639206829
0.0134508348794063,0.0295918367346939,0.83644648191542
0.0137497423211709,0.0295918367346939,0.83394403288007
0.0140486497629355,0.0295918367346939,0.831488152360781
0.0143475572047001,0.0295918367346939,0.829078703217997
0.0146464646464646,0.0295918367346939,0.826715550904958
0.0149453720882292,0.0295918367346939,0.824398563460172
0.0152442795299938,0.0295918367346939,0.822127611500057
0.0155431869717584,0.0295918367346939,0.819902568211711
0.015842094413523,0.0295918367346939,0.817723309345832
0.0161410018552876,0.0295918367346939,0.815589713209779
0.0164399092970522,0.0295918367346939,0.813501660660778
0.0167388167388167,0.0295918367346939,0.811459035099267
0.0170377241805813,0.0295918367346939,0.809461722462386
0.0173366316223459,0.0295918367346939,0.807509611217608
0.0176355390641105,0.0295918367346939,0.80560259235651
0.0179344465058751,0.0295918367346939,0.803740559388687
0.0182333539476397,0.0295918367346939,0.801923408335802
0.0185322613894042,0.0295918367346939,0.800151037725786
0.0188311688311688,0.0295918367346939,0.798423348587165
0.0191300762729334,0.0295918367346939,0.796740244443538
0.019428983714698,0.0295918367346939,0.795101631308187
0.0197278911564626,0.0295918367346939,0.79350741767883
0.0200267985982272,0.0295918367346939,0.791957514532512
0.0203257060399918,0.0295918367346939,0.79045183532063
0.0206246134817563,0.0295918367346939,0.788990295964105
0.0209235209235209,0.0295918367346939,0.787572814848686
0.0212224283652855,0.0295918367346939,0.786199312820387
0.0215213358070501,0.0295918367346939,0.784869713181076
0.0218202432488147,0.0295918367346939,0.783583941684185
0.0221191506905793,0.0295918367346939,0.782341926530566
0.0224180581323438,0.0295918367346939,0.781143598364482
0.0227169655741084,0.0295918367346939,0.779988890269735
0.023015873015873,0.0295918367346939,0.778877737765928
0.0233147804576376,0.0295918367346939,0.777810078804865
0.0236136878994022,0.0295918367346939,0.776785853767084
0.0239125953411668,0.0295918367346939,0.775805005458532
0.0242115027829314,0.0295918367346939,0.774867479107367
0.0245104102246959,0.0295918367346939,0.773973222360902
0.0248093176664605,0.0295918367346939,0.773122185282682
0.0251082251082251,0.0295918367346939,0.772314320349692
0.0254071325499897,0.0295918367346939,0.771549582449707
0.0257060399917543,0.0295918367346939,0.77082792887877
0.0260049474335189,0.0295918367346939,0.770149319338812
0.0263038548752834,0.0295918367346939,0.769513715935396
0.026602762317048,0.0295918367346939,0.768921083175602
0.0269016697588126,0.0295918367346939,0.76837138796605
0.0272005772005772,0.0295918367346939,0.767864599611047
0.0274994846423418,0.0295918367346939,0.767400689810873
0.0277983920841064,0.0295918367346939,0.766979632660204
0.028097299525871,0.0295918367346939,0.766601404646662
0.0283962069676355,0.0295918367346939,0.766265984649506
0.0286951144094001,0.0295918367346939,0.765973353938446
0.0289940218511647,0.0295918367346939,0.765723496172606
0.0292929292929293,0.0295918367346939,0.765516397399604
0.0295918367346939,0.0295918367346939,0.765352046054774
0,0.0308163265306122,1
0.00031127602556174,0.0308163265306122,0.994882774012712
0.00062255205112348,0.0308163265306122,0.989825796418165
0.00093382807668522,0.0308163265306122,0.984828760974479
0.00124510410224696,0.0308163265306122,0.979891365069767
0.0015563801278087,0.0308163265306122,0.975013309703809
0.00186765615337044,0.0308163265306122,0.970194299469947
0.00217893217893218,0.0308163265306122,0.965434042537195
0.00249020820449392,0.0308163265306122,0.960732250632565
0.00280148423005566,0.0308163265306122,0.956088639023612
0.0031127602556174,0.0308163265306122,0.951502926501189
0.00342403628117914,0.0308163265306122,0.94697483536242
0.00373531230674088,0.0308163265306122,0.942504091393877
0.00404658833230262,0.0308163265306122,0.938090423854983
0.00435786435786436,0.0308163265306122,0.933733565461609
0.0046691403834261,0.0308163265306122,0.929433252369889
0.00498041640898784,0.0308163265306122,0.925189224160248
0.00529169243454958,0.0308163265306122,0.921001223821621
0.00560296846011132,0.0308163265306122,0.9168689977359
0.00591424448567306,0.0308163265306122,0.912792295662566
0.0062255205112348,0.0308163265306122,0.908770870723542
0.00653679653679654,0.0308163265306122,0.904804479388236
0.00684807256235828,0.0308163265306122,0.9008928814588
0.00715934858792002,0.0308163265306122,0.897035840055577
0.00747062461348176,0.0308163265306122,0.893233121602764
0.0077819006390435,0.0308163265306122,0.889484495814259
0.00809317666460524,0.0308163265306122,0.885789735679719
0.00840445269016698,0.0308163265306122,0.882148617450815
0.00871572871572872,0.0308163265306122,0.878560920627678
0.00902700474129046,0.0308163265306122,0.875026427945548
0.0093382807668522,0.0308163265306122,0.871544925361615
0.00964955679241393,0.0308163265306122,0.868116202042062
0.00996083281797568,0.0308163265306122,0.864740050349289
0.0102721088435374,0.0308163265306122,0.861416265829347
0.0105833848690992,0.0308163265306122,0.858144647199552
0.0108946608946609,0.0308163265306122,0.854924996336296
0.0112059369202226,0.0308163265306122,0.851757118263051
0.0115172129457844,0.0308163265306122,0.848640821138559
0.0118284889713461,0.0308163265306122,0.845575916245217
0.0121397649969079,0.0308163265306122,0.842562217977645
0.0124510410224696,0.0308163265306122,0.839599543831453
0.0127623170480313,0.0308163265306122,0.836687714392178
0.0130735930735931,0.0308163265306122,0.83382655332443
0.0133848690991548,0.0308163265306122,0.831015887361206
0.0136961451247166,0.0308163265306122,0.828255546293401
0.0140074211502783,0.0308163265306122,0.8255453629595
0.01431869717584,0.0308163265306122,0.822885173235452
0.0146299732014018,0.0308163265306122,0.820274816024735
0.0149412492269635,0.0308163265306122,0.817714133248597
0.0152525252525253,0.0308163265306122,0.815202969836487
0.015563801278087,0.0308163265306122,0.812741173716659
0.0158750773036487,0.0308163265306122,0.810328595806966
0.0161863533292105,0.0308163265306122,0.807965090005832
0.0164976293547722,0.0308163265306122,0.805650513183405
0.016808905380334,0.0308163265306122,0.803384725172885
0.0171201814058957,0.0308163265306122,0.80116758876204
0.0174314574314574,0.0308163265306122,0.798998969684895
0.0177427334570192,0.0308163265306122,0.796878736613603
0.0180540094825809,0.0308163265306122,0.794806761150489
0.0183652855081427,0.0308163265306122,0.792782917820276
0.0186765615337044,0.0308163265306122,0.790807084062487
0.0189878375592661,0.0308163265306122,0.788879140224021
0.0192991135848279,0.0308163265306122,0.78699896955191
0.0196103896103896,0.0308163265306122,0.785166458186245
0.0199216656359514,0.0308163265306122,0.783381495153285
0.0202329416615131,0.0308163265306122,0.781643972358732
0.0205442176870748,0.0308163265306122,0.779953784581189
0.0208554937126366,0.0308163265306122,0.778310829465786
0.0211667697381983,0.0308163265306122,0.776715007517983
0.02147804576376,0.0308163265306122,0.775166222097541
0.0217893217893218,0.0308163265306122,0.773664379412675
0.0221005978148835,0.0308163265306122,0.772209388514369
0.0224118738404453,0.0308163265306122,0.770801161290875
0.022723149866007,0.0308163265306122,0.769439612462367
0.0230344258915688,0.0308163265306122,0.768124659575787
0.0233457019171305,0.0308163265306122,0.766856222999846
0.0236569779426922,0.0308163265306122,0.765634225920202
0.023968253968254,0.0308163265306122,0.764458594334809
0.0242795299938157,0.0308163265306122,0.763329257049439
0.0245908060193774,0.0308163265306122,0.762246145673362
0.0249020820449392,0.0308163265306122,0.761209194615215
0.0252133580705009,0.0308163265306122,0.760218341079021
0.0255246340960627,0.0308163265306122,0.759273525060392
0.0258359101216244,0.0308163265306122,0.758374689342891
0.0261471861471861,0.0308163265306122,0.757521779494569
0.0264584621727479,0.0308163265306122,0.756714743864672
0.0267697381983096,0.0308163265306122,0.755953533580508
0.0270810142238714,0.0308163265306122,0.755238102544487
0.0273922902494331,0.0308163265306122,0.754568407431335
0.0277035662749948,0.0308163265306122,0.753944407685466
0.0280148423005566,0.0308163265306122,0.753366065518526
0.0283261183261183,0.0308163265306122,0.752833345907106
0.0286373943516801,0.0308163265306122,0.752346216590622
0.0289486703772418,0.0308163265306122,0.751904648069358
0.0292599464028035,0.0308163265306122,0.751508613602683
0.0295712224283653,0.0308163265306122,0.75115808920743
0.029882498453927,0.0308163265306122,0.750853053656442
0.0301937744794888,0.0308163265306122,0.750593488477291
0.0305050505050505,0.0308163265306122,0.750379377951155
0.0308163265306122,0.0308163265306122,0.750210709111868
0,0.0320408163265306,1
0.000323644609358895,0.0320408163265306,0.994544177194373
0.00064728921871779,0.0320408163265306,0.989153463717987
0.000970933828076685,0.0320408163265306,0.983827506659685
0.00129457843743558,0.0320408163265306,0.978565957347682
0.00161822304679448,0.0320408163265306,0.973368471326746
0.00194186765615337,0.0320408163265306,0.968234708335643
0.00226551226551227,0.0320408163265306,0.963164332284862
0.00258915687487116,0.0320408163265306,0.958157011234617
0.00291280148423006,0.0320408163265306,0.953212417373109
0.00323644609358895,0.0320408163265306,0.948330226995069
0.00356009070294785,0.0320408163265306,0.943510120480568
0.00388373531230674,0.0320408163265306,0.938751782274088
0.00420737992166564,0.0320408163265306,0.934054900863867
0.00453102453102453,0.0320408163265306,0.929419168761505
0.00485466914038343,0.0320408163265306,0.924844282481833
0.00517831374974232,0.0320408163265306,0.920329942523045
0.00550195835910122,0.0320408163265306,0.915875853347092
0.00582560296846011,0.0320408163265306,0.911481723360331
0.00614924757781901,0.0320408163265306,0.907147264894438
0.0064728921871779,0.0320408163265306,0.902872194187576
0.0067965367965368,0.0320408163265306,0.898656231365818
0.00712018140589569,0.0320408163265306,0.894499100424819
0.00744382601525459,0.0320408163265306,0.890400529211756
0.00776747062461348,0.0320408163265306,0.886360249407504
0.00809111523397238,0.0320408163265306,0.882377996509074
0.00841475984333127,0.0320408163265306,0.878453509812296
0.00873840445269017,0.0320408163265306,0.874586532394748
0.00906204906204906,0.0320408163265306,0.870776811098944
0.00938569367140796,0.0320408163265306,0.867024096515753
0.00970933828076685,0.0320408163265306,0.863328142968075
0.0100329828901257,0.0320408163265306,0.859688708494756
0.0103566274994846,0.0320408163265306,0.856105554834749
0.0106802721088435,0.0320408163265306,0.852578447411514
0.0110039167182024,0.0320408163265306,0.849107155317664
0.0113275613275613,0.0320408163265306,0.845691451299844
0.0116512059369202,0.0320408163265306,0.842331111743858
0.0119748505462791,0.0320408163265306,0.839025916660026
0.012298495155638,0.0320408163265306,0.835775649668784
0.0126221397649969,0.0320408163265306,0.83258009798652
0.0129457843743558,0.0320408163265306,0.82943905241164
0.0132694289837147,0.0320408163265306,0.826352307310874
0.0135930735930736,0.0320408163265306,0.823319660605817
0.0139167182024325,0.0320408163265306,0.820340913759692
0.0142403628117914,0.0320408163265306,0.817415871764363
0.0145640074211503,0.0320408163265306,0.814544343127557
0.0148876520305092,0.0320408163265306,0.811726139860338
0.0152112966398681,0.0320408163265306,0.808961077464794
0.015534941249227,0.0320408163265306,0.806248974921958
0.0158585858585859,0.0320408163265306,0.803589654679962
0.0161822304679448,0.0320408163265306,0.80098294264241
0.0165058750773036,0.0320408163265306,0.798428668156981
0.0168295196866625,0.0320408163265306,0.795926664004256
0.0171531642960214,0.0320408163265306,0.793476766386773
0.0174768089053803,0.0320408163265306,0.791078814918304
0.0178004535147392,0.0320408163265306,0.788732652613351
0.0181240981240981,0.0320408163265306,0.786438125876873
0.018447742733457,0.0320408163265306,0.784195084494229
0.0187713873428159,0.0320408163265306,0.782003381621344
0.0190950319521748,0.0320408163265306,0.779862873775095
0.0194186765615337,0.0320408163265306,0.777773420823919
0.0197423211708926,0.0320408163265306,0.775734885978639
0.0200659657802515,0.0320408163265306,0.773747135783507
0.0203896103896104,0.0320408163265306,0.77181004010747
0.0207132549989693,0.0320408163265306,0.769923472135647
0.0210368996083282,0.0320408163265306,0.768087308361031
0.0213605442176871,0.0320408163265306,0.766301428576402
0.021684188827046,0.0320408163265306,0.764565715866454
0.0220078334364049,0.0320408163265306,0.762880056600148
0.0223314780457638,0.0320408163265306,0.761244340423265
0.0226551226551227,0.0320408163265306,0.759658460251188
0.0229787672644816,0.0320408163265306,0.758122312261888
0.0233024118738404,0.0320408163265306,0.756635795889128
0.0236260564831993,0.0320408163265306,0.75519881381588
0.0239497010925582,0.0320408163265306,0.753811271967953
0.0242733457019171,0.0320408163265306,0.752473079507834
0.024596990311276,0.0320408163265306,0.751184148828744
0.0249206349206349,0.0320408163265306,0.749944395548897
0.0252442795299938,0.0320408163265306,0.748753738505982
0.0255679241393527,0.0320408163265306,0.747612099751847
0.0258915687487116,0.0320408163265306,0.746519404547394
0.0262152133580705,0.0320408163265306,0.745475581357691
0.0265388579674294,0.0320408163265306,0.744480561847282
0.0268625025767883,0.0320408163265306,0.743534280875721
0.0271861471861472,0.0320408163265306,0.742636676493302
0.0275097917955061,0.0320408163265306,0.741787689937004
0.027833436404865,0.0320408163265306,0.740987265626647
0.0281570810142239,0.0320408163265306,0.74023535116125
0.0284807256235828,0.0320408163265306,0.739531897315603
0.0288043702329417,0.0320408163265306,0.738876858037042
0.0291280148423006,0.0320408163265306,0.738270190442438
0.0294516594516595,0.0320408163265306,0.737711854815383
0.0297753040610183,0.0320408163265306,0.737201814603597
0.0300989486703772,0.0320408163265306,0.736740036416532
0.0304225932797361,0.0320408163265306,0.736326490023183
0.030746237889095,0.0320408163265306,0.735961148350115
0.0310698824984539,0.0320408163265306,0.735643987479687
0.0313935271078128,0.0320408163265306,0.735374986648485
0.0317171717171717,0.0320408163265306,0.735154128245964
0.0320408163265306,0.0320408163265306,0.7349813978133
0,0.033265306122449,1
0.00033601319315605,0.033265306122449,0.994201005890523
0.000672026386312101,0.033265306122449,0.988472168525675
0.00100803957946815,0.033265306122449,0.982813083644569
0.0013440527726242,0.033265306122449,0.97722335190847
0.00168006596578025,0.033265306122449,0.971702578872613
0.0020160791589363,0.033265306122449,0.966250374958369
0.00235209235209235,0.033265306122449,0.960866355425757
0.0026881055452484,0.033265306122449,0.955550140346289
0.00302411873840445,0.033265306122449,0.950301354576165
0.0033601319315605,0.033265306122449,0.945119627729799
0.00369614512471655,0.033265306122449,0.94000459415368
0.0040321583178726,0.033265306122449,0.934955892900574
0.00436817151102865,0.033265306122449,0.929973167704049
0.0047041847041847,0.033265306122449,0.925056066953337
0.00504019789734076,0.033265306122449,0.920204243668522
0.00537621109049681,0.033265306122449,0.915417355476054
0.00571222428365285,0.033265306122449,0.910695064584592
0.00604823747680891,0.033265306122449,0.906037037761163
0.00638425066996496,0.033265306122449,0.901442946307649
0.00672026386312101,0.033265306122449,0.896912466037596
0.00705627705627706,0.033265306122449,0.89244527725333
0.00739229024943311,0.033265306122449,0.888041064723404
0.00772830344258916,0.033265306122449,0.883699517660349
0.00806431663574521,0.033265306122449,0.879420329698745
0.00840032982890126,0.033265306122449,0.875203198873602
0.00873634302205731,0.033265306122449,0.871047827599051
0.00907235621521336,0.033265306122449,0.866953922647344
0.00940836940836941,0.033265306122449,0.862921195128165
0.00974438260152546,0.033265306122449,0.85894936046824
0.0100803957946815,0.033265306122449,0.855038138391257
0.0104164089878376,0.033265306122449,0.851187252898092
0.0107524221809936,0.033265306122449,0.847396432247327
0.0110884353741497,0.033265306122449,0.843665408936078
0.0114244485673057,0.033265306122449,0.839993919681118
0.0117604617604618,0.033265306122449,0.836381705400297
0.0120964749536178,0.033265306122449,0.83282851119426
0.0124324881467739,0.033265306122449,0.829334086328461
0.0127685013399299,0.033265306122449,0.825898184215466
0.013104514533086,0.033265306122449,0.82252056239756
0.013440527726242,0.033265306122449,0.819200982529628
0.0137765409193981,0.033265306122449,0.815939210362342
0.0141125541125541,0.033265306122449,0.812735015725631
0.0144485673057102,0.033265306122449,0.809588172512436
0.0147845804988662,0.033265306122449,0.806498458662758
0.0151205936920223,0.033265306122449,0.803465656147983
0.0154566068851783,0.033265306122449,0.800489550955503
0.0157926200783344,0.033265306122449,0.797569933073609
0.0161286332714904,0.033265306122449,0.794706596476674
0.0164646464646465,0.033265306122449,0.791899339110611
0.0168006596578025,0.033265306122449,0.789147962878622
0.0171366728509586,0.033265306122449,0.786452273627212
0.0174726860441146,0.033265306122449,0.78381208113249
0.0178086992372707,0.033265306122449,0.781227199086749
0.0181447124304267,0.033265306122449,0.778697445085316
0.0184807256235828,0.033265306122449,0.776222640613681
0.0188167388167388,0.033265306122449,0.773802611034899
0.0191527520098949,0.033265306122449,0.771437185577271
0.0194887652030509,0.033265306122449,0.769126197322285
0.019824778396207,0.033265306122449,0.766869483192847
0.020160791589363,0.033265306122449,0.764666883941765
0.0204968047825191,0.033265306122449,0.762518244140518
0.0208328179756751,0.033265306122449,0.760423412168284
0.0211688311688312,0.033265306122449,0.758382240201242
0.0215048443619872,0.033265306122449,0.756394584202139
0.0218408575551433,0.033265306122449,0.75446030391013
0.0221768707482993,0.033265306122449,0.752579262830875
0.0225128839414554,0.033265306122449,0.750751328226914
0.0228488971346114,0.033265306122449,0.748976371108293
0.0231849103277675,0.033265306122449,0.747254266223465
0.0235209235209235,0.033265306122449,0.745584892050452
0.0238569367140796,0.033265306122449,0.743968130788271
0.0241929499072356,0.033265306122449,0.742403868348616
0.0245289631003917,0.033265306122449,0.740891994347812
0.0248649762935477,0.033265306122449,0.739432402099025
0.0252009894867038,0.033265306122449,0.738024988604733
0.0255370026798598,0.033265306122449,0.736669654549457
0.0258730158730159,0.033265306122449,0.735366304292752
0.0262090290661719,0.033265306122449,0.734114845862462
0.026545042259328,0.033265306122449,0.732915190948226
0.026881055452484,0.033265306122449,0.731767254895247
0.0272170686456401,0.033265306122449,0.730670956698321
0.0275530818387961,0.033265306122449,0.729626218996118
0.0278890950319522,0.033265306122449,0.728632968065721
0.0282251082251082,0.033265306122449,0.72769113381743
0.0285611214182643,0.033265306122449,0.72680064978981
0.0288971346114203,0.033265306122449,0.725961453145005
0.0292331478045764,0.033265306122449,0.7251734846643
0.0295691609977324,0.033265306122449,0.724436688743947
0.0299051741908885,0.033265306122449,0.723751013391236
0.0302411873840445,0.033265306122449,0.723116410220831
0.0305772005772006,0.033265306122449,0.722532834451352
0.0309132137703566,0.033265306122449,0.722000244902217
0.0312492269635127,0.033265306122449,0.721518603990736
0.0315852401566687,0.033265306122449,0.721087877729457
0.0319212533498248,0.033265306122449,0.720708035723768
0.0322572665429808,0.033265306122449,0.720379051169757
0.0325932797361369,0.033265306122449,0.720100900852313
0.0329292929292929,0.033265306122449,0.719873565143494
0.033265306122449,0.033265306122449,0.719697028001137
0,0.0344897959183674,1
0.000348381776953206,0.0344897959183674,0.993853787494538
0.000696763553906411,0.0344897959183674,0.98778296540161
0.00104514533085962,0.0344897959183674,0.981787073209027
0.00139352710781282,0.0344897959183674,0.975865656088533
0.00174190888476603,0.0344897959183674,0.9700182648613
0.00209029066171923,0.0344897959183674,0.964244455963856
0.00243867243867244,0.0344897959183674,0.958543791414437
0.00278705421562564,0.0344897959183674,0.952915838779763
0.00313543599257885,0.0344897959183674,0.947360171142238
0.00348381776953206,0.0344897959183674,0.941876367067563
0.00383219954648526,0.0344897959183674,0.936464010572765
0.00418058132343847,0.0344897959183674,0.931122691094647
0.00452896310039167,0.0344897959183674,0.925852003458641
0.00487734487734488,0.0344897959183674,0.920651547848075
0.00522572665429808,0.0344897959183674,0.915520929773839
0.00557410843125129,0.0344897959183674,0.910459760044468
0.00592249020820449,0.0344897959183674,0.905467654736614
0.0062708719851577,0.0344897959183674,0.900544235165922
0.00661925376211091,0.0344897959183674,0.89568912785831
0.00696763553906411,0.0344897959183674,0.890901964521632
0.00731601731601732,0.0344897959183674,0.886182382017747
0.00766439909297052,0.0344897959183674,0.881530022334966
0.00801278086992373,0.0344897959183674,0.876944532560898
0.00836116264687693,0.0344897959183674,0.872425564855681
0.00870954442383014,0.0344897959183674,0.867972776425591
0.00905792620078334,0.0344897959183674,0.863585829497045
0.00940630797773655,0.0344897959183674,0.859264391290971
0.00975468975468976,0.0344897959183674,0.855008133997573
0.010103071531643,0.0344897959183674,0.850816734751458
0.0104514533085962,0.0344897959183674,0.846689875607147
0.0107998350855494,0.0344897959183674,0.842627243514957
0.0111482168625026,0.0344897959183674,0.838628530297254
0.0114965986394558,0.0344897959183674,0.834693432625073
0.011844980416409,0.0344897959183674,0.830821651995114
0.0121933621933622,0.0344897959183674,0.827012894707093
0.0125417439703154,0.0344897959183674,0.823266871841466
0.0128901257472686,0.0344897959183674,0.819583299237511
0.0132385075242218,0.0344897959183674,0.815961897471775
0.013586889301175,0.0344897959183674,0.812402391836875
0.0139352710781282,0.0344897959183674,0.80890451232066
0.0142836528550814,0.0344897959183674,0.80546799358573
0.0146320346320346,0.0344897959183674,0.802092574949309
0.0149804164089878,0.0344897959183674,0.798778000363467
0.015328798185941,0.0344897959183674,0.795524018395703
0.0156771799628942,0.0344897959183674,0.792330382209866
0.0160255617398475,0.0344897959183674,0.789196849547434
0.0163739435168007,0.0344897959183674,0.786123182709136
0.0167223252937539,0.0344897959183674,0.783109148536923
0.0170707070707071,0.0344897959183674,0.780154518396278
0.0174190888476603,0.0344897959183674,0.777259068158877
0.0177674706246135,0.0344897959183674,0.774422578185582
0.0181158524015667,0.0344897959183674,0.771644833309786
0.0184642341785199,0.0344897959183674,0.768925622821083
0.0188126159554731,0.0344897959183674,0.766264740449294
0.0191609977324263,0.0344897959183674,0.763661984348814
0.0195093795093795,0.0344897959183674,0.761117157083299
0.0198577612863327,0.0344897959183674,0.758630065610696
0.0202061430632859,0.0344897959183674,0.756200521268592
0.0205545248402391,0.0344897959183674,0.75382833975991
0.0209029066171923,0.0344897959183674,0.751513341138921
0.0212512883941455,0.0344897959183674,0.7492553497976
0.0215996701710987,0.0344897959183674,0.747054194452302
0.0219480519480519,0.0344897959183674,0.744909708130773
0.0222964337250052,0.0344897959183674,0.742821728159475
0.0226448155019584,0.0344897959183674,0.740790096151258
0.0229931972789116,0.0344897959183674,0.738814657993336
0.0233415790558648,0.0344897959183674,0.736895263835601
0.023689960832818,0.0344897959183674,0.735031768079254
0.0240383426097712,0.0344897959183674,0.733224029365762
0.0243867243867244,0.0344897959183674,0.731471910566133
0.0247351061636776,0.0344897959183674,0.729775278770517
0.0250834879406308,0.0344897959183674,0.72813400527812
0.025431869717584,0.0344897959183674,0.726547965587443
0.0257802514945372,0.0344897959183674,0.725017039386839
0.0261286332714904,0.0344897959183674,0.723541110545385
0.0264770150484436,0.0344897959183674,0.722120067104073
0.0268253968253968,0.0344897959183674,0.720753801267316
0.02717377860235,0.0344897959183674,0.719442209394775
0.0275221603793032,0.0344897959183674,0.718185191993492
0.0278705421562564,0.0344897959183674,0.716982653710346
0.0282189239332097,0.0344897959183674,0.715834503324819
0.0285673057101629,0.0344897959183674,0.714740653742077
0.0289156874871161,0.0344897959183674,0.713701021986361
0.0292640692640693,0.0344897959183674,0.712715529194697
0.0296124510410225,0.0344897959183674,0.711784100610908
0.0299608328179757,0.0344897959183674,0.710906665579949
0.0303092145949289,0.0344897959183674,0.710083157542542
0.0306575963718821,0.0344897959183674,0.709313514030133
0.0310059781488353,0.0344897959183674,0.708597676660148
0.0313543599257885,0.0344897959183674,0.707935591131567
0.0317027417027417,0.0344897959183674,0.707327207220803
0.0320511234796949,0.0344897959183674,0.706772478777895
0.0323995052566481,0.0344897959183674,0.706271363723006
0.0327478870336013,0.0344897959183674,0.705823824043229
0.0330962688105545,0.0344897959183674,0.705429825789706
0.0334446505875077,0.0344897959183674,0.705089339075053
0.0337930323644609,0.0344897959183674,0.704802338071089
0.0341414141414141,0.0344897959183674,0.704568801006882
0.0344897959183674,0.0344897959183674,0.704388710167094
0,0.0357142857142857,1
0.000360750360750361,0.0357142857142857,0.993503021296708
0.000721500721500722,0.0357142857142857,0.98708685270405
0.00108225108225108,0.0357142857142857,0.980750972340077
0.00144300144300144,0.0357142857142857,0.974494864853369
0.0018037518037518,0.0357142857142857,0.968318021381116
0.00216450216450216,0.0357142857142857,0.96221993950773
0.00252525252525253,0.0357142857142857,0.95620012322398
0.00288600288600289,0.0357142857142857,0.950258082886643
0.00324675324675325,0.0357142857142857,0.944393335178683
0.00360750360750361,0.0357142857142857,0.938605403069933
0.00396825396825397,0.0357142857142857,0.932893815778299
0.00432900432900433,0.0357142857142857,0.927258108731462
0.00468975468975469,0.0357142857142857,0.921697823529095
0.00505050505050505,0.0357142857142857,0.916212507905577
0.00541125541125541,0.0357142857142857,0.910801715693202
0.00577200577200577,0.0357142857142857,0.905465006785894
0.00613275613275613,0.0357142857142857,0.900201947103405
0.00649350649350649,0.0357142857142857,0.89501210855601
0.00685425685425685,0.0357142857142857,0.889895069009686
0.00721500721500721,0.0357142857142857,0.884850412251776
0.00757575757575758,0.0357142857142857,0.879877727957137
0.00793650793650794,0.0357142857142857,0.874976611654761
0.0082972582972583,0.0357142857142857,0.870146664694877
0.00865800865800866,0.0357142857142857,0.865387494216528
0.00901875901875902,0.0357142857142857,0.860698713115615
0.00937950937950938,0.0357142857142857,0.856079940013409
0.00974025974025974,0.0357142857142857,0.85153079922553
0.0101010101010101,0.0357142857142857,0.847050920731392
0.0104617604617605,0.0357142857142857,0.842639940144106
0.0108225108225108,0.0357142857142857,0.838297498680836
0.0111832611832612,0.0357142857142857,0.834023243133624
0.0115440115440115,0.0357142857142857,0.829816825840654
0.0119047619047619,0.0357142857142857,0.825677904657979
0.0122655122655123,0.0357142857142857,0.821606142931684
0.0126262626262626,0.0357142857142857,0.817601209470513
0.012987012987013,0.0357142857142857,0.813662778518923
0.0133477633477633,0.0357142857142857,0.809790529730589
0.0137085137085137,0.0357142857142857,0.80598414814235
0.0140692640692641,0.0357142857142857,0.802243324148587
0.0144300144300144,0.0357142857142857,0.798567753476042
0.0147907647907648,0.0357142857142857,0.79495713715907
0.0151515151515152,0.0357142857142857,0.791411181515318
0.0155122655122655,0.0357142857142857,0.787929598121841
0.0158730158730159,0.0357142857142857,0.784512103791639
0.0162337662337662,0.0357142857142857,0.781158420550626
0.0165945165945166,0.0357142857142857,0.777868275615018
0.016955266955267,0.0357142857142857,0.774641401369146
0.0173160173160173,0.0357142857142857,0.771477535343686
0.0176767676767677,0.0357142857142857,0.768376420194314
0.018037518037518,0.0357142857142857,0.765337803680774
0.0183982683982684,0.0357142857142857,0.762361438646356
0.0187590187590188,0.0357142857142857,0.759447082997797
0.0191197691197691,0.0357142857142857,0.75659449968559
0.0194805194805195,0.0357142857142857,0.753803456684701
0.0198412698412698,0.0357142857142857,0.751073726975694
0.0202020202020202,0.0357142857142857,0.748405088526271
0.0205627705627706,0.0357142857142857,0.745797324273209
0.0209235209235209,0.0357142857142857,0.743250222104704
0.0212842712842713,0.0357142857142857,0.740763574843118
0.0216450216450216,0.0357142857142857,0.738337180228132
0.022005772005772,0.0357142857142857,0.735970840900287
0.0223665223665224,0.0357142857142857,0.733664364384937
0.0227272727272727,0.0357142857142857,0.73141756307659
0.0230880230880231,0.0357142857142857,0.729230254223651
0.0234487734487734,0.0357142857142857,0.727102259913556
0.0238095238095238,0.0357142857142857,0.725033407058299
0.0241702741702742,0.0357142857142857,0.723023527380357
0.0245310245310245,0.0357142857142857,0.721072457399001
0.0248917748917749,0.0357142857142857,0.719180038416996
0.0252525252525253,0.0357142857142857,0.717346116507697
0.0256132756132756,0.0357142857142857,0.715570542502527
0.025974025974026,0.0357142857142857,0.713853171978843
0.0263347763347763,0.0357142857142857,0.71219386524819
0.0266955266955267,0.0357142857142857,0.710592487344939
0.0270562770562771,0.0357142857142857,0.709048908015309
0.0274170274170274,0.0357142857142857,0.70756300170677
0.0277777777777778,0.0357142857142857,0.706134647557835
0.0281385281385281,0.0357142857142857,0.704763729388226
0.0284992784992785,0.0357142857142857,0.703450135689426
0.0288600288600289,0.0357142857142857,0.702193759615609
0.0292207792207792,0.0357142857142857,0.700994498974945
0.0295815295815296,0.0357142857142857,0.699852256221296
0.0299422799422799,0.0357142857142857,0.698766938446273
0.0303030303030303,0.0357142857142857,0.697738457371686
0.0306637806637807,0.0357142857142857,0.696766729342359
0.031024531024531,0.0357142857142857,0.695851675319329
0.0313852813852814,0.0357142857142857,0.694993220873414
0.0317460317460317,0.0357142857142857,0.694191296179161
0.0321067821067821,0.0357142857142857,0.693445836009165
0.0324675324675325,0.0357142857142857,0.692756779728765
0.0328282828282828,0.0357142857142857,0.692124071291112
0.0331890331890332,0.0357142857142857,0.691547659232609
0.0335497835497835,0.0357142857142857,0.691027496668727
0.0339105339105339,0.0357142857142857,0.690563541290188
0.0342712842712843,0.0357142857142857,0.690155755359527
0.0346320346320346,0.0357142857142857,0.689804105708022
0.034992784992785,0.0357142857142857,0.689508563732995
0.0353535353535354,0.0357142857142857,0.689269105395484
0.0357142857142857,0.0357142857142857,0.689085711218294
0,0.0369387755102041,1
0.000373118944547516,0.0369387755102041,0.993149178098716
0.000746237889095032,0.0369387755102041,0.986384771818268
0.00111935683364255,0.0369387755102041,0.979706192576011
0.00149247577819006,0.0369387755102041,0.973112859257262
0.00186559472273758,0.0369387755102041,0.96660419816473
0.0022387136672851,0.0369387755102041,0.960179642968601
0.00261183261183261,0.0369387755102041,0.953838634657261
0.00298495155638013,0.0369387755102041,0.947580621488652
0.00335807050092764,0.0369387755102041,0.94140505894227
0.00373118944547516,0.0369387755102041,0.935311409671778
0.00410430839002268,0.0369387755102041,0.929299143458256
0.00447742733457019,0.0369387755102041,0.923367737164063
0.00485054627911771,0.0369387755102041,0.917516674687321
0.00522366522366522,0.0369387755102041,0.911745446917004
0.00559678416821274,0.0369387755102041,0.906053551688642
0.00596990311276026,0.0369387755102041,0.900440493740625
0.00634302205730777,0.0369387755102041,0.894905784671113
0.00671614100185529,0.0369387755102041,0.889448942895536
0.0070892599464028,0.0369387755102041,0.884069493604688
0.00746237889095032,0.0369387755102041,0.878766968723423
0.00783549783549783,0.0369387755102041,0.873540906869913
0.00820861678004535,0.0369387755102041,0.868390853315517
0.00858173572459287,0.0369387755102041,0.863316359945201
0.00895485466914038,0.0369387755102041,0.858316985218555
0.0093279736136879,0.0369387755102041,0.853392294131374
0.00970109255823542,0.0369387755102041,0.848541858177802
0.0100742115027829,0.0369387755102041,0.843765255313051
0.0104473304473304,0.0369387755102041,0.839062069916677
0.010820449391878,0.0369387755102041,0.834431892756417
0.0111935683364255,0.0369387755102041,0.82987432095258
0.011566687280973,0.0369387755102041,0.825388957942993
0.0119398062255205,0.0369387755102041,0.820975413448492
0.012312925170068,0.0369387755102041,0.81663330343897
0.0126860441146155,0.0369387755102041,0.812362250099953
0.0130591630591631,0.0369387755102041,0.808161881799734
0.0134322820037106,0.0369387755102041,0.80403183305703
0.0138054009482581,0.0369387755102041,0.799971744509186
0.0141785198928056,0.0369387755102041,0.795981262880904
0.0145516388373531,0.0369387755102041,0.792060040953502
0.0149247577819006,0.0369387755102041,0.788207737534706
0.0152978767264482,0.0369387755102041,0.784424017428959
0.0156709956709957,0.0369387755102041,0.780708551408258
0.0160441146155432,0.0369387755102041,0.777061016183501
0.0164172335600907,0.0369387755102041,0.773481094376368
0.0167903525046382,0.0369387755102041,0.769968474491694
0.0171634714491857,0.0369387755102041,0.766522850890371
0.0175365903937332,0.0369387755102041,0.763143923762756
0.0179097093382808,0.0369387755102041,0.759831399102577
0.0182828282828283,0.0369387755102041,0.756584988681358
0.0186559472273758,0.0369387755102041,0.753404410023335
0.0190290661719233,0.0369387755102041,0.750289386380881
0.0194021851164708,0.0369387755102041,0.747239646710422
0.0197753040610183,0.0369387755102041,0.744254925648856
0.0201484230055659,0.0369387755102041,0.741334963490462
0.0205215419501134,0.0369387755102041,0.738479506164302
0.0208946608946609,0.0369387755102041,0.735688305212115
0.0212677798392084,0.0369387755102041,0.732961117766699
0.0216408987837559,0.0369387755102041,0.730297706530775
0.0220140177283034,0.0369387755102041,0.727697839756344
0.022387136672851,0.0369387755102041,0.725161291224519
0.0227602556173985,0.0369387755102041,0.722687840225843
0.023133374561946,0.0369387755102041,0.720277271541083
0.0235064935064935,0.0369387755102041,0.717929375422506
0.023879612451041,0.0369387755102041,0.715643947575626
0.0242527313955885,0.0369387755102041,0.713420789141429
0.0246258503401361,0.0369387755102041,0.711259706679069
0.0249989692846836,0.0369387755102041,0.709160512149039
0.0253720882292311,0.0369387755102041,0.707123022896807
0.0257452071737786,0.0369387755102041,0.705147061636923
0.0261183261183261,0.0369387755102041,0.703232456437594
0.0264914450628736,0.0369387755102041,0.701379040705723
0.0268645640074212,0.0369387755102041,0.699586653172415
0.0272376829519687,0.0369387755102041,0.697855137878942
0.0276108018965162,0.0369387755102041,0.696184344163177
0.0279839208410637,0.0369387755102041,0.694574126646479
0.0283570397856112,0.0369387755102041,0.693024345221049
0.0287301587301587,0.0369387755102041,0.691534865037736
0.0291032776747062,0.0369387755102041,0.690105556494302
0.0294763966192538,0.0369387755102041,0.68873629522415
0.0298495155638013,0.0369387755102041,0.687426962085496
0.0302226345083488,0.0369387755102041,0.68617744315101
0.0305957534528963,0.0369387755102041,0.684987629697897
0.0309688723974438,0.0369387755102041,0.683857418198437
0.0313419913419913,0.0369387755102041,0.682786710310983
0.0317151102865389,0.0369387755102041,0.681775412871395
0.0320882292310864,0.0369387755102041,0.680823437884942
0.0324613481756339,0.0369387755102041,0.679930702518639
0.0328344671201814,0.0369387755102041,0.679097129094046
0.0332075860647289,0.0369387755102041,0.678322645080502
0.0335807050092764,0.0369387755102041,0.67760718308882
0.033953823953824,0.0369387755102041,0.676950680865418
0.0343269428983715,0.0369387755102041,0.676353081286907
0.034700061842919,0.0369387755102041,0.675814332355119
0.0350731807874665,0.0369387755102041,0.675334387192582
0.035446299732014,0.0369387755102041,0.674913204038438
0.0358194186765615,0.0369387755102041,0.674550746244818
0.036192537621109,0.0369387755102041,0.674246982273644
0.0365656565656566,0.0369387755102041,0.674001885693888
0.0369387755102041,0.0369387755102041,0.673815435179277
0,0.0381632653061224,1
0.000385487528344671,0.0381632653061224,0.992792700101029
0.000770975056689342,0.0381632653061224,0.985677606931431
0.00115646258503401,0.0381632653061224,0.978654059668992
0.00154195011337868,0.0381632653061224,0.971721405993927
0.00192743764172336,0.0381632653061224,0.964879002028291
0.00231292517006803,0.0381632653061224,0.958126212276187
0.0026984126984127,0.0381632653061224,0.951462409564732
0.00308390022675737,0.0381632653061224,0.944886974985817
0.00346938775510204,0.0381632653061224,0.938399297838623
0.00385487528344671,0.0381632653061224,0.931998775572896
0.00424036281179138,0.0381632653061224,0.925684813732994
0.00462585034013605,0.0381632653061224,0.919456825902667
0.00501133786848073,0.0381632653061224,0.913314233650599
0.0053968253968254,0.0381632653061224,0.907256466476684
0.00578231292517007,0.0381632653061224,0.901282961759037
0.00616780045351474,0.0381632653061224,0.895393164701747
0.00655328798185941,0.0381632653061224,0.889586528283341
0.00693877551020408,0.0381632653061224,0.883862513205986
0.00732426303854875,0.0381632653061224,0.878220587845396
0.00770975056689342,0.0381632653061224,0.872660228201462
0.00809523809523809,0.0381632653061224,0.867180917849579
0.00848072562358277,0.0381632653061224,0.861782147892686
0.00886621315192744,0.0381632653061224,0.856463416914003
0.00925170068027211,0.0381632653061224,0.851224230930456
0.00963718820861678,0.0381632653061224,0.846064103346805
0.0100226757369615,0.0381632653061224,0.840982554910444
0.0104081632653061,0.0381632653061224,0.835979113666893
0.0107936507936508,0.0381632653061224,0.831053314915968
0.0111791383219955,0.0381632653061224,0.826204701168615
0.0115646258503401,0.0381632653061224,0.821432822104424
0.0119501133786848,0.0381632653061224,0.816737234529804
0.0123356009070295,0.0381632653061224,0.812117502336821
0.0127210884353741,0.0381632653061224,0.807573196462697
0.0131065759637188,0.0381632653061224,0.803103894849953
0.0134920634920635,0.0381632653061224,0.798709182407218
0.0138775510204082,0.0381632653061224,0.794388650970672
0.0142630385487528,0.0381632653061224,0.790141899266138
0.0146485260770975,0.0381632653061224,0.785968532871815
0.0150340136054422,0.0381632653061224,0.781868164181644
0.0154195011337868,0.0381632653061224,0.77784041236931
0.0158049886621315,0.0381632653061224,0.773884903352871
0.0161904761904762,0.0381632653061224,0.770001269760014
0.0165759637188209,0.0381632653061224,0.766189150893939
0.0169614512471655,0.0381632653061224,0.762448192699852
0.0173469387755102,0.0381632653061224,0.758778047732091
0.0177324263038549,0.0381632653061224,0.755178375121846
0.0181179138321995,0.0381632653061224,0.751648840545509
0.0185034013605442,0.0381632653061224,0.74818911619362
0.0188888888888889,0.0381632653061224,0.744798880740421
0.0192743764172336,0.0381632653061224,0.741477819314012
0.0196598639455782,0.0381632653061224,0.738225623467109
0.0200453514739229,0.0381632653061224,0.735041991148395
0.0204308390022676,0.0381632653061224,0.731926626674468
0.0208163265306122,0.0381632653061224,0.728879240702377
0.0212018140589569,0.0381632653061224,0.725899550202752
0.0215873015873016,0.0381632653061224,0.722987278433513
0.0219727891156463,0.0381632653061224,0.720142154914171
0.0223582766439909,0.0381632653061224,0.717363915400707
0.0227437641723356,0.0381632653061224,0.714652301861027
0.0231292517006803,0.0381632653061224,0.712007062450998
0.0235147392290249,0.0381632653061224,0.709427951491061
0.0239002267573696,0.0381632653061224,0.706914729443407
0.0242857142857143,0.0381632653061224,0.704467162889737
0.024671201814059,0.0381632653061224,0.702085024509575
0.0250566893424036,0.0381632653061224,0.699768093059165
0.0254421768707483,0.0381632653061224,0.697516153350911
0.025827664399093,0.0381632653061224,0.695328996233403
0.0262131519274376,0.0381632653061224,0.693206418571983
0.0265986394557823,0.0381632653061224,0.691148223229884
0.026984126984127,0.0381632653061224,0.689154219049918
0.0273696145124717,0.0381632653061224,0.687224220836722
0.0277551020408163,0.0381632653061224,0.68535804933956
0.028140589569161,0.0381632653061224,0.683555531235671
0.0285260770975057,0.0381632653061224,0.681816499114178
0.0289115646258503,0.0381632653061224,0.680140791460532
0.029297052154195,0.0381632653061224,0.678528252641515
0.0296825396825397,0.0381632653061224,0.676978732890785
0.0300680272108844,0.0381632653061224,0.675492088294969
0.030453514739229,0.0381632653061224,0.674068180780291
0.0308390022675737,0.0381632653061224,0.672706878099752
0.0312244897959184,0.0381632653061224,0.671408053820847
0.031609977324263,0.0381632653061224,0.670171587313823
0.0319954648526077,0.0381632653061224,0.668997363740474
0.0323809523809524,0.0381632653061224,0.667885274043475
0.0327664399092971,0.0381632653061224,0.666835214936256
0.0331519274376417,0.0381632653061224,0.665847088893406
0.0335374149659864,0.0381632653061224,0.664920804141617
0.0339229024943311,0.0381632653061224,0.664056274651158
0.0343083900226757,0.0381632653061224,0.66325342012789
0.0346938775510204,0.0381632653061224,0.662512166005802
0.0350793650793651,0.0381632653061224,0.661832443440092
0.0354648526077097,0.0381632653061224,0.661214189300768
0.0358503401360544,0.0381632653061224,0.660657346166788
0.0362358276643991,0.0381632653061224,0.660161862320724
0.0366213151927438,0.0381632653061224,0.659727691743961
0.0370068027210884,0.0381632653061224,0.659354794112422
0.0373922902494331,0.0381632653061224,0.659043134792825
0.0377777777777778,0.0381632653061224,0.658792684839463
0.0381632653061224,0.0381632653061224,0.658603420991515
0,0.0393877551020408,1
0.000397856112141826,0.0393877551020408,0.992434001033919
0.000795712224283653,0.0393877551020408,0.984966185294707
0.00119356833642548,0.0393877551020408,0.977595813978326
0.00159142444856731,0.0393877551020408,0.970322157921084
0.00198928056070913,0.0393877551020408,0.963144497527502
0.00238713667285096,0.0393877551020408,0.956062122699114
0.00278499278499278,0.0393877551020408,0.949074332764226
0.00318284889713461,0.0393877551020408,0.942180436408591
0.00358070500927644,0.0393877551020408,0.935379751607016
0.00397856112141826,0.0393877551020408,0.928671605555892
0.00437641723356009,0.0393877551020408,0.922055334606627
0.00477427334570192,0.0393877551020408,0.915530284199997
0.00517212945784374,0.0393877551020408,0.909095808801382
0.00556998556998557,0.0393877551020408,0.902751271836908
0.0059678416821274,0.0393877551020408,0.896496045630465
0.00636569779426922,0.0393877551020408,0.890329511341614
0.00676355390641105,0.0393877551020408,0.88425105890436
0.00716141001855288,0.0393877551020408,0.878260086966802
0.0075592661306947,0.0393877551020408,0.872356002831635
0.00795712224283653,0.0393877551020408,0.866538222397516
0.00835497835497835,0.0393877551020408,0.86080617010128
0.00875283446712018,0.0393877551020408,0.855159278860994
0.00915069057926201,0.0393877551020408,0.849596990019858
0.00954854669140383,0.0393877551020408,0.844118753290933
0.00994640280354566,0.0393877551020408,0.838724026702705
0.0103442589156875,0.0393877551020408,0.833412276545462
0.0107421150278293,0.0393877551020408,0.828182977318494
0.0111399711399711,0.0393877551020408,0.823035611678109
0.011537827252113,0.0393877551020408,0.817969670386444
0.0119356833642548,0.0393877551020408,0.812984652261091
0.0123335394763966,0.0393877551020408,0.808080064125511
0.0127313955885384,0.0393877551020408,0.803255420760244
0.0131292517006803,0.0393877551020408,0.798510244854906
0.0135271078128221,0.0393877551020408,0.793844066960968
0.0139249639249639,0.0393877551020408,0.789256425445312
0.0143228200371058,0.0393877551020408,0.78474686644456
0.0147206761492476,0.0393877551020408,0.780314943820173
0.0151185322613894,0.0393877551020408,0.775960219114316
0.0155163883735312,0.0393877551020408,0.771682261506477
0.0159142444856731,0.0393877551020408,0.767480647770848
0.0163121005978149,0.0393877551020408,0.763354962234454
0.0167099567099567,0.0393877551020408,0.759304796736027
0.0171078128220985,0.0393877551020408,0.755329750585629
0.0175056689342404,0.0393877551020408,0.751429430525012
0.0179035250463822,0.0393877551020408,0.747603450688707
0.018301381158524,0.0393877551020408,0.743851432565857
0.0186992372706658,0.0393877551020408,0.740173004962763
0.0190970933828077,0.0393877551020408,0.736567803966167
0.0194949494949495,0.0393877551020408,0.733035472907244
0.0198928056070913,0.0393877551020408,0.729575662326322
0.0202906617192331,0.0393877551020408,0.726188029938304
0.020688517831375,0.0393877551020408,0.72287224059881
0.0210863739435168,0.0393877551020408,0.719627966271016
0.0214842300556586,0.0393877551020408,0.716454885993204
0.0218820861678005,0.0393877551020408,0.713352685847006
0.0222799422799423,0.0393877551020408,0.710321058926352
0.0226777983920841,0.0393877551020408,0.707359705307102
0.0230756545042259,0.0393877551020408,0.704468332017376
0.0234735106163678,0.0393877551020408,0.701646653008572
0.0238713667285096,0.0393877551020408,0.698894389127062
0.0242692228406514,0.0393877551020408,0.696211268086582
0.0246670789527932,0.0393877551020408,0.693597024441284
0.0250649350649351,0.0393877551020408,0.691051399559487
0.0254627911770769,0.0393877551020408,0.688574141598079
0.0258606472892187,0.0393877551020408,0.686165005477609
0.0262585034013605,0.0393877551020408,0.683823752858039
0.0266563595135024,0.0393877551020408,0.681550152115163
0.0270542156256442,0.0393877551020408,0.679343978317693
0.027452071737786,0.0393877551020408,0.677205013205008
0.0278499278499279,0.0393877551020408,0.675133045165558
0.0282477839620697,0.0393877551020408,0.67312786921593
0.0286456400742115,0.0393877551020408,0.671189286980569
0.0290434961863533,0.0393877551020408,0.669317106672155
0.0294413522984952,0.0393877551020408,0.667511143072623
0.029839208410637,0.0393877551020408,0.665771217514844
0.0302370645227788,0.0393877551020408,0.664097157864948
0.0306349206349206,0.0393877551020408,0.662488798505293
0.0310327767470625,0.0393877551020408,0.660945980318082
0.0314306328592043,0.0393877551020408,0.659468550669622
0.0318284889713461,0.0393877551020408,0.658056363395218
0.0322263450834879,0.0393877551020408,0.656709278784722
0.0326242011956298,0.0393877551020408,0.655427163568703
0.0330220573077716,0.0393877551020408,0.654209890905267
0.0334199134199134,0.0393877551020408,0.653057340367504
0.0338177695320552,0.0393877551020408,0.651969397931581
0.0342156256441971,0.0393877551020408,0.650945955965453
0.0346134817563389,0.0393877551020408,0.649986913218223
0.0350113378684807,0.0393877551020408,0.649092174810118
0.0354091939806226,0.0393877551020408,0.648261652223107
0.0358070500927644,0.0393877551020408,0.647495263292142
0.0362049062049062,0.0393877551020408,0.646792932197028
0.036602762317048,0.0393877551020408,0.646154589454926
0.0370006184291899,0.0393877551020408,0.645580171913474
0.0373984745413317,0.0393877551020408,0.645069622744544
0.0377963306534735,0.0393877551020408,0.644622891438615
0.0381941867656153,0.0393877551020408,0.64423993379978
0.0385920428777572,0.0393877551020408,0.643920711941372
0.038989898989899,0.0393877551020408,0.643665194282215
0.0393877551020408,0.0393877551020408,0.643473355543502
0,0.0406122448979592,1
0.000410224695938982,0.0406122448979592,0.992073466502978
0.000820449391877963,0.0406122448979592,0.984251277914269
0.00123067408781695,0.0406122448979592,0.97653261150695
0.00164089878375593,0.0406122448979592,0.968916655442416
0.00205112347969491,0.0406122448979592,0.961402608684994
0.00246134817563389,0.0406122448979592,0.95398968091769
0.00287157287157287,0.0406122448979592,0.946677092459064
0.00328179756751185,0.0406122448979592,0.939464074181226
0.00369202226345084,0.0406122448979592,0.93234986742894
0.00410224695938982,0.0406122448979592,0.925333723939827
0.0045124716553288,0.0406122448979592,0.918414905765666
0.00492269635126778,0.0406122448979592,0.911592685194779
0.00533292104720676,0.0406122448979592,0.904866344675489
0.00574314574314574,0.0406122448979592,0.898235176740648
0.00615337043908473,0.0406122448979592,0.89169848393323
0.00656359513502371,0.0406122448979592,0.88525557873297
0.00697381983096269,0.0406122448979592,0.878905783484056
0.00738404452690167,0.0406122448979592,0.872648430323848
0.00779426922284065,0.0406122448979592,0.866482861112638
0.00820449391877963,0.0406122448979592,0.860408427364427
0.00861471861471862,0.0406122448979592,0.854424490178714
0.0090249433106576,0.0406122448979592,0.848530420173305
0.00943516800659658,0.0406122448979592,0.842725597418108
0.00984539270253556,0.0406122448979592,0.837009411369934
0.0102556173984745,0.0406122448979592,0.83138126080828
0.0106658420944135,0.0406122448979592,0.825840553772091
0.0110760667903525,0.0406122448979592,0.820386707497504
0.0114862914862915,0.0406122448979592,0.815019148356547
0.0118965161822305,0.0406122448979592,0.809737311796811
0.0123067408781695,0.0406122448979592,0.804540642282067
0.0127169655741084,0.0406122448979592,0.799428593233838
0.0131271902700474,0.0406122448979592,0.794400626973911
0.0135374149659864,0.0406122448979592,0.789456214667784
0.0139476396619254,0.0406122448979592,0.784594836269042
0.0143578643578644,0.0406122448979592,0.779815980464661
0.0147680890538033,0.0406122448979592,0.775119144621232
0.0151783137497423,0.0406122448979592,0.770503834732087
0.0155885384456813,0.0406122448979592,0.765969565365348
0.0159987631416203,0.0406122448979592,0.761515859612864
0.0164089878375593,0.0406122448979592,0.757142249040056
0.0168192125334983,0.0406122448979592,0.752848273636642
0.0172294372294372,0.0406122448979592,0.748633481768257
0.0176396619253762,0.0406122448979592,0.74449743012895
0.0180498866213152,0.0406122448979592,0.74043968369456
0.0184601113172542,0.0406122448979592,0.736459815676955
0.0188703360131932,0.0406122448979592,0.73255740747915
0.0192805607091321,0.0406122448979592,0.728732048651275
0.0196907854050711,0.0406122448979592,0.724983336847404
0.0201010101010101,0.0406122448979592,0.72131087778324
0.0205112347969491,0.0406122448979592,0.717714285194644
0.0209214594928881,0.0406122448979592,0.714193180797006
0.0213316841888271,0.0406122448979592,0.71074719424546
0.021741908884766,0.0406122448979592,0.707375963095929
0.022152133580705,0.0406122448979592,0.704079132767007
0.022562358276644,0.0406122448979592,0.700856356502663
0.022972582972583,0.0406122448979592,0.697707295335767
0.023382807668522,0.0406122448979592,0.694631618052445
0.0237930323644609,0.0406122448979592,0.691629001157233
0.0242032570603999,0.0406122448979592,0.68869912883906
0.0246134817563389,0.0406122448979592,0.685841692938028
0.0250237064522779,0.0406122448979592,0.683056392913001
0.0254339311482169,0.0406122448979592,0.680342935809993
0.0258441558441558,0.0406122448979592,0.677701036231358
0.0262543805400948,0.0406122448979592,0.675130416305769
0.0266646052360338,0.0406122448979592,0.672630805658997
0.0270748299319728,0.0406122448979592,0.670201941385467
0.0274850546279118,0.0406122448979592,0.667843568020611
0.0278952793238508,0.0406122448979592,0.665555437513996
0.0283055040197897,0.0406122448979592,0.663337309203237
0.0287157287157287,0.0406122448979592,0.66118894978868
0.0291259534116677,0.0406122448979592,0.659110133308868
0.0295361781076067,0.0406122448979592,0.657100641116773
0.0299464028035457,0.0406122448979592,0.6551602618568
0.0303566274994846,0.0406122448979592,0.653288791442555
0.0307668521954236,0.0406122448979592,0.65148603303538
0.0311770768913626,0.0406122448979592,0.649751797023653
0.0315873015873016,0.0406122448979592,0.64808590100284
0.0319975262832406,0.0406122448979592,0.646488169756312
0.0324077509791796,0.0406122448979592,0.644958435236919
0.0328179756751185,0.0406122448979592,0.64349653654931
0.0332282003710575,0.0406122448979592,0.642102319933012
0.0336384250669965,0.0406122448979592,0.640775638746259
0.0340486497629355,0.0406122448979592,0.639516353450569
0.0344588744588745,0.0406122448979592,0.638324331596065
0.0348690991548134,0.0406122448979592,0.637199447807543
0.0352793238507524,0.0406122448979592,0.636141583771292
0.0356895485466914,0.0406122448979592,0.635150628222642
0.0360997732426304,0.0406122448979592,0.634226476934266
0.0365099979385694,0.0406122448979592,0.633369032705215
0.0369202226345084,0.0406122448979592,0.632578205350699
0.0373304473304473,0.0406122448979592,0.631853911692593
0.0377406720263863,0.0406122448979592,0.631196075550699
0.0381508967223253,0.0406122448979592,0.630604627734725
0.0385611214182643,0.0406122448979592,0.630079506037013
0.0389713461142033,0.0406122448979592,0.629620655225991
0.0393815708101422,0.0406122448979592,0.629228027040369
0.0397917955060812,0.0406122448979592,0.62890158018406
0.0402020202020202,0.0406122448979592,0.628641280321838
0.0406122448979592,0.0406122448979592,0.628447100075726
0,0.0418367346938776,1
0.000422593279736137,0.0418367346938776,0.991711454520571
0.000845186559472274,0.0418367346938776,0.983533600614163
0.00126777983920841,0.0418367346938776,0.975465525495601
0.00169037311894455,0.0418367346938776,0.967506328632857
0.00211296639868068,0.0418367346938776,0.95965512164654
0.00253555967841682,0.0418367346938776,0.95191102821073
0.00295815295815296,0.0418367346938776,0.944273183955171
0.0033807462378891,0.0418367346938776,0.93674073636879
0.00380333951762523,0.0418367346938776,0.929312844704547
0.00422593279736137,0.0418367346938776,0.921988679885586
0.00464852607709751,0.0418367346938776,0.914767424412704
0.00507111935683364,0.0418367346938776,0.9076482722731
0.00549371263656978,0.0418367346938776,0.90063042885041
0.00591630591630592,0.0418367346938776,0.893713110836019
0.00633889919604205,0.0418367346938776,0.886895546141625
0.00676149247577819,0.0418367346938776,0.880176973813064
0.00718408575551433,0.0418367346938776,0.873556643945376
0.00760667903525046,0.0418367346938776,0.8670338175991
0.0080292723149866,0.0418367346938776,0.860607766717799
0.00845186559472274,0.0418367346938776,0.854277774046795
0.00887445887445888,0.0418367346938776,0.84804313305311
0.00929705215419501,0.0418367346938776,0.841903147846608
0.00971964543393115,0.0418367346938776,0.835857133102323
0.0101422387136673,0.0418367346938776,0.82990441398396
0.0105648319934034,0.0418367346938776,0.824044326068575
0.0109874252731396,0.0418367346938776,0.818276215272418
0.0114100185528757,0.0418367346938776,0.812599437777919
0.0118326118326118,0.0418367346938776,0.807013359961833
0.012255205112348,0.0418367346938776,0.801517358324514
0.0126777983920841,0.0418367346938776,0.796110819420322
0.0131003916718202,0.0418367346938776,0.790793139789157
0.0135229849515564,0.0418367346938776,0.785563725889096
0.0139455782312925,0.0418367346938776,0.780421994030147
0.0143681715110287,0.0418367346938776,0.775367370309099
0.0147907647907648,0.0418367346938776,0.770399290545466
0.0152133580705009,0.0418367346938776,0.765517200218515
0.0156359513502371,0.0418367346938776,0.760720554405368
0.0160585446299732,0.0418367346938776,0.756008817720186
0.0164811379097093,0.0418367346938776,0.751381464254407
0.0169037311894455,0.0418367346938776,0.746837977518046
0.0173263244691816,0.0418367346938776,0.742377850382046
0.0177489177489178,0.0418367346938776,0.738000585021676
0.0181715110286539,0.0418367346938776,0.733705692860964
0.01859410430839,0.0418367346938776,0.729492694518164
0.0190166975881262,0.0418367346938776,0.725361119752246
0.0194392908678623,0.0418367346938776,0.721310507410416
0.0198618841475984,0.0418367346938776,0.717340405376637
0.0202844774273346,0.0418367346938776,0.713450370521169
0.0207070707070707,0.0418367346938776,0.709639968651108
0.0211296639868068,0.0418367346938776,0.705908774461919
0.021552257266543,0.0418367346938776,0.702256371489973
0.0219748505462791,0.0418367346938776,0.698682352066053
0.0223974438260153,0.0418367346938776,0.695186317269858
0.0228200371057514,0.0418367346938776,0.691767876885476
0.0232426303854875,0.0418367346938776,0.688426649357825
0.0236652236652237,0.0418367346938776,0.685162261750073
0.0240878169449598,0.0418367346938776,0.681974349702001
0.0245104102246959,0.0418367346938776,0.678862557389347
0.0249330035044321,0.0418367346938776,0.67582653748408
0.0253555967841682,0.0418367346938776,0.672865951115637
0.0257781900639043,0.0418367346938776,0.669980467833097
0.0262007833436405,0.0418367346938776,0.667169765568301
0.0266233766233766,0.0418367346938776,0.664433530599901
0.0270459699031128,0.0418367346938776,0.661771457518342
0.0274685631828489,0.0418367346938776,0.659183249191778
0.027891156462585,0.0418367346938776,0.6566686167329
0.0283137497423212,0.0418367346938776,0.6542272794667
0.0287363430220573,0.0418367346938776,0.651858964899135
0.0291589363017934,0.0418367346938776,0.649563408686719
0.0295815295815296,0.0418367346938776,0.64734035460701
0.0300041228612657,0.0418367346938776,0.645189554530021
0.0304267161410019,0.0418367346938776,0.643110768390514
0.030849309420738,0.0418367346938776,0.641103764161215
0.0312719027004741,0.0418367346938776,0.639168317826907
0.0316944959802103,0.0418367346938776,0.637304213359431
0.0321170892599464,0.0418367346938776,0.635511242693575
0.0325396825396825,0.0418367346938776,0.633789205703846
0.0329622758194187,0.0418367346938776,0.632137910182134
0.0333848690991548,0.0418367346938776,0.630557171816261
0.0338074623788909,0.0418367346938776,0.629046814169407
0.0342300556586271,0.0418367346938776,0.627606668660414
0.0346526489383632,0.0418367346938776,0.626236574544975
0.0350752422180994,0.0418367346938776,0.624936378897687
0.0354978354978355,0.0418367346938776,0.623705936594986
0.0359204287775716,0.0418367346938776,0.622545110298946
0.0363430220573078,0.0418367346938776,0.621453770441952
0.0367656153370439,0.0418367346938776,0.620431795212235
0.03718820861678,0.0418367346938776,0.61947907054028
0.0376108018965162,0.0418367346938776,0.618595490086089
0.0380333951762523,0.0418367346938776,0.617780955227318
0.0384559884559885,0.0418367346938776,0.617035375048261
0.0388785817357246,0.0418367346938776,0.61635866632971
0.0393011750154607,0.0418367346938776,0.615750753539663
0.0397237682951969,0.0418367346938776,0.615211568824891
0.040146361574933,0.0418367346938776,0.614741052003368
0.0405689548546691,0.0418367346938776,0.614339150557555
0.0409915481344053,0.0418367346938776,0.614005819628531
0.0414141414141414,0.0418367346938776,0.613741022010995
0.0418367346938776,0.0418367346938776,0.613544728149107
0,0.0430612244897959,1
0.000434961863533292,0.0430612244897959,0.991348296195798
0.000869923727066584,0.0430612244897959,0.982813815416122
0.00130488559059988,0.0430612244897959,0.974395548492293
0.00173984745413317,0.0430612244897959,0.966092499997464
0.00217480931766646,0.0430612244897959,0.95790368812891
0.00260977118119975,0.0430612244897959,0.949828144591939
0.00304473304473304,0.0430612244897959,0.94186491448539
0.00347969490826634,0.0430612244897959,0.934013056188723
0.00391465677179963,0.0430612244897959,0.926271641250675
0.00434961863533292,0.0430612244897959,0.918639754279474
0.00478458049886621,0.0430612244897959,0.911116492834599
0.00521954236239951,0.0430612244897959,0.903700967320068
0.0056545042259328,0.0430612244897959,0.896392300879248
0.00608946608946609,0.0430612244897959,0.88918962929117
0.00652442795299938,0.0430612244897959,0.882092100868336
0.00695938981653267,0.0430612244897959,0.875098876356017
0.00739435168006597,0.0430612244897959,0.868209128833004
0.00782931354359926,0.0430612244897959,0.86142204361384
0.00826427540713255,0.0430612244897959,0.854736818152476
0.00869923727066584,0.0430612244897959,0.848152661947377
0.00913419913419914,0.0430612244897959,0.841668796448053
0.00956916099773243,0.0430612244897959,0.83528445496299
0.0100041228612657,0.0430612244897959,0.828998882568999
0.010439084724799,0.0430612244897959,0.822811336021943
0.0108740465883323,0.0430612244897959,0.816721083668859
0.0113090084518656,0.0430612244897959,0.810727405361434
0.0117439703153989,0.0430612244897959,0.804829592370858
0.0121789321789322,0.0430612244897959,0.799026947304016
0.0126138940424655,0.0430612244897959,0.793318784021023
0.0130488559059988,0.0430612244897959,0.787704427554094
0.0134838177695321,0.0430612244897959,0.782183214027729
0.0139187796330653,0.0430612244897959,0.776754490580212
0.0143537414965986,0.0430612244897959,0.771417615286416
0.0147887033601319,0.0430612244897959,0.766171957081895
0.0152236652236652,0.0430612244897959,0.761016895688263
0.0156586270871985,0.0430612244897959,0.755951821539851
0.0160935889507318,0.0430612244897959,0.750976135711626
0.0165285508142651,0.0430612244897959,0.74608924984837
0.0169635126777984,0.0430612244897959,0.741290586095112
0.0173984745413317,0.0430612244897959,0.736579577028798
0.017833436404865,0.0430612244897959,0.731955665591193
0.0182683982683983,0.0430612244897959,0.727418305023013
0.0187033601319316,0.0430612244897959,0.722966958799274
0.0191383219954649,0.0430612244897959,0.71860110056585
0.0195732838589981,0.0430612244897959,0.714320214077229
0.0200082457225314,0.0430612244897959,0.710123793135476
0.0204432075860647,0.0430612244897959,0.706011341530371
0.020878169449598,0.0430612244897959,0.701982372980738
0.0213131313131313,0.0430612244897959,0.698036411076944
0.0217480931766646,0.0430612244897959,0.694172989224561
0.0221830550401979,0.0430612244897959,0.690391650589202
0.0226180169037312,0.0430612244897959,0.68669194804249
0.0230529787672645,0.0430612244897959,0.683073444109198
0.0234879406307978,0.0430612244897959,0.679535710915513
0.0239229024943311,0.0430612244897959,0.676078330138444
0.0243578643578644,0.0430612244897959,0.672700892956354
0.0247928262213977,0.0430612244897959,0.669403000000624
0.0252277880849309,0.0430612244897959,0.666184261308424
0.0256627499484642,0.0430612244897959,0.663044296276603
0.0260977118119975,0.0430612244897959,0.659982733616686
0.0265326736755308,0.0430612244897959,0.656999211310967
0.0269676355390641,0.0430612244897959,0.654093376569706
0.0274025974025974,0.0430612244897959,0.65126488578941
0.0278375592661307,0.0430612244897959,0.648513404512205
0.028272521129664,0.0430612244897959,0.645838607386286
0.0287074829931973,0.0430612244897959,0.643240178127447
0.0291424448567306,0.0430612244897959,0.640717809481679
0.0295774067202639,0.0430612244897959,0.638271203188844
0.0300123685837972,0.0430612244897959,0.6359000699474
0.0304473304473305,0.0430612244897959,0.633604129380198
0.0308822923108637,0.0430612244897959,0.631383110001324
0.031317254174397,0.0430612244897959,0.629236749183999
0.0317522160379303,0.0430612244897959,0.627164793129527
0.0321871779014636,0.0430612244897959,0.625166996837278
0.0326221397649969,0.0430612244897959,0.623243124075724
0.0330571016285302,0.0430612244897959,0.621392947354502
0.0334920634920635,0.0430612244897959,0.619616247897514
0.0339270253555968,0.0430612244897959,0.61791281561706
0.0343619872191301,0.0430612244897959,0.616282449088994
0.0347969490826634,0.0430612244897959,0.614724955528907
0.0352319109461967,0.0430612244897959,0.61324015076933
0.03566687280973,0.0430612244897959,0.61182785923796
0.0361018346732633,0.0430612244897959,0.610487913936894
0.0365367965367965,0.0430612244897959,0.609220156422889
0.0369717584003298,0.0430612244897959,0.60802443678862
0.0374067202638631,0.0430612244897959,0.606900613644958
0.0378416821273964,0.0430612244897959,0.605848554104251
0.0382766439909297,0.0430612244897959,0.604868133764609
0.038711605854463,0.0430612244897959,0.603959236695196
0.0391465677179963,0.0430612244897959,0.603121755422518
0.0395815295815296,0.0430612244897959,0.602355590917721
0.0400164914450629,0.0430612244897959,0.601660652584874
0.0404514533085962,0.0430612244897959,0.601036858250261
0.0408864151721295,0.0430612244897959,0.600484134152664
0.0413213770356627,0.0430612244897959,0.600002414934639
0.041756338899196,0.0430612244897959,0.599591643634789
0.0421913007627293,0.0430612244897959,0.599251771681028
0.0426262626262626,0.0430612244897959,0.59898275888484
0.0430612244897959,0.0430612244897959,0.598784573436522
0,0.0442857142857143,1
0.000447330447330447,0.0442857142857143,0.990984296556895
0.000894660894660895,0.0442857142857143,0.982092532184249
0.00134199134199134,0.0442857142857143,0.97332359481902
0.00178932178932179,0.0442857142857143,0.964676387759728
0.00223665223665224,0.0442857142857143,0.95614982952929
0.00268398268398268,0.0442857142857143,0.947742853739768
0.00313131313131313,0.0442857142857143,0.939454408958996
0.00357864357864358,0.0442857142857143,0.931283458579084
0.00402597402597403,0.0442857142857143,0.92322898068677
0.00447330447330447,0.0442857142857143,0.915289967935614
0.00492063492063492,0.0442857142857143,0.907465427420012
0.00536796536796537,0.0442857142857143,0.899754380551019
0.00581529581529582,0.0442857142857143,0.892155862933958
0.00626262626262626,0.0442857142857143,0.884668924247805
0.00670995670995671,0.0442857142857143,0.877292628126338
0.00715728715728716,0.0442857142857143,0.87002605204103
0.00760461760461761,0.0442857142857143,0.862868287185667
0.00805194805194805,0.0442857142857143,0.855818438362692
0.0084992784992785,0.0442857142857143,0.84887562387124
0.00894660894660895,0.0442857142857143,0.842038975396873
0.00939393939393939,0.0442857142857143,0.835307637902975
0.00984126984126984,0.0442857142857143,0.828680769523824
0.0102886002886003,0.0442857142857143,0.822157541459297
0.0107359307359307,0.0442857142857143,0.815737137871216
0.0111832611832612,0.0442857142857143,0.809418755781313
0.0116305916305916,0.0442857142857143,0.803201604970809
0.0120779220779221,0.0442857142857143,0.797084907881577
0.0125252525252525,0.0442857142857143,0.7910678995189
0.012972582972583,0.0442857142857143,0.785149827355794
0.0134199134199134,0.0442857142857143,0.779329951238894
0.0138672438672439,0.0442857142857143,0.773607543295882
0.0143145743145743,0.0442857142857143,0.767981887844459
0.0147619047619048,0.0442857142857143,0.762452281302831
0.0152092352092352,0.0442857142857143,0.75701803210172
0.0156565656565657,0.0442857142857143,0.75167846059787
0.0161038961038961,0.0442857142857143,0.746432898989045
0.0165512265512266,0.0442857142857143,0.74128069123051
0.016998556998557,0.0442857142857143,0.736221192952983
0.0174458874458874,0.0442857142857143,0.731253771382043
0.0178932178932179,0.0442857142857143,0.726377805258995
0.0183405483405483,0.0442857142857143,0.721592684763166
0.0187878787878788,0.0442857142857143,0.716897811435644
0.0192352092352092,0.0442857142857143,0.712292598104422
0.0196825396825397,0.0442857142857143,0.70777646881097
0.0201298701298701,0.0442857142857143,0.703348858738198
0.0205772005772006,0.0442857142857143,0.699009214139817
0.021024531024531,0.0442857142857143,0.694756992271084
0.0214718614718615,0.0442857142857143,0.690591661320921
0.0219191919191919,0.0442857142857143,0.686512700345408
0.0223665223665224,0.0442857142857143,0.682519599202623
0.0228138528138528,0.0442857142857143,0.678611858488847
0.0232611832611833,0.0442857142857143,0.674788989476102
0.0237085137085137,0.0442857142857143,0.671050514051027
0.0241558441558442,0.0442857142857143,0.667395964655085
0.0246031746031746,0.0442857142857143,0.663824884226084
0.0250505050505051,0.0442857142857143,0.660336826141012
0.0254978354978355,0.0442857142857143,0.656931354160188
0.0259451659451659,0.0442857142857143,0.653608042372691
0.0263924963924964,0.0442857142857143,0.650366475143102
0.0268398268398268,0.0442857142857143,0.64720624705952
0.0272871572871573,0.0442857142857143,0.644126962882853
0.0277344877344877,0.0442857142857143,0.641128237497395
0.0281818181818182,0.0442857142857143,0.638209695862656
0.0286291486291486,0.0442857142857143,0.635370972966455
0.0290764790764791,0.0442857142857143,0.632611713779275
0.0295238095238095,0.0442857142857143,0.629931573209858
0.02997113997114,0.0442857142857143,0.627330216062042
0.0304184704184704,0.0442857142857143,0.624807316992846
0.0308658008658009,0.0442857142857143,0.622362560471773
0.0313131313131313,0.0442857142857143,0.619995640741356
0.0317604617604618,0.0442857142857143,0.61770626177891
0.0322077922077922,0.0442857142857143,0.615494137259514
0.0326551226551227,0.0442857142857143,0.613358990520199
0.0331024531024531,0.0442857142857143,0.611300554525351
0.0335497835497836,0.0442857142857143,0.609318571833307
0.033997113997114,0.0442857142857143,0.607412794564163
0.0344444444444444,0.0442857142857143,0.605582984368771
0.0348917748917749,0.0442857142857143,0.603828912398928
0.0353391053391053,0.0442857142857143,0.602150359278757
0.0357864357864358,0.0442857142857143,0.600547115077269
0.0362337662337662,0.0442857142857143,0.599018979282108
0.0366810966810967,0.0442857142857143,0.597565760774475
0.0371284271284271,0.0442857142857143,0.59618727780522
0.0375757575757576,0.0442857142857143,0.594883357972119
0.038023088023088,0.0442857142857143,0.593653838198308
0.0384704184704185,0.0442857142857143,0.592498564711887
0.0389177489177489,0.0442857142857143,0.591417393026689
0.0393650793650794,0.0442857142857143,0.59041018792421
0.0398124098124098,0.0442857142857143,0.589476823436699
0.0402597402597403,0.0442857142857143,0.588617182831401
0.0407070707070707,0.0442857142857143,0.587831158595958
0.0411544011544012,0.0442857142857143,0.587118652424965
0.0416017316017316,0.0442857142857143,0.586479575207674
0.0420490620490621,0.0442857142857143,0.585913847016847
0.0424963924963925,0.0442857142857143,0.585421397098766
0.042943722943723,0.0442857142857143,0.585002163864374
0.0433910533910534,0.0442857142857143,0.584656094881584
0.0438383838383838,0.0442857142857143,0.584383146868711
0.0442857142857143,0.0442857142857143,0.584183285689068
0,0.0455102040816327,1
0.000459699031127603,0.0455102040816327,0.990619735481693
0.000919398062255205,0.0455102040816327,0.981370310485771
0.00137909709338281,0.0455102040816327,0.972250503362487
0.00183879612451041,0.0455102040816327,0.963259109581822
0.00229849515563801,0.0455102040816327,0.954394941574396
0.00275819418676562,0.0455102040816327,0.945656828574606
0.00321789321789322,0.0455102040816327,0.937043616466005
0.00367759224902082,0.0455102040816327,0.928554167628861
0.00413729128014842,0.0455102040816327,0.920187360789901
0.00459699031127603,0.0455102040816327,0.911942090874221
0.00505668934240363,0.0455102040816327,0.903817268859323
0.00551638837353123,0.0455102040816327,0.895811821631284
0.00597608740465883,0.0455102040816327,0.887924691843016
0.00643578643578644,0.0455102040816327,0.880154837774616
0.00689548546691404,0.0455102040816327,0.872501233195778
0.00735518449804164,0.0455102040816327,0.864962867230246
0.00781488352916924,0.0455102040816327,0.857538744222306
0.00827458256029685,0.0455102040816327,0.850227883605272
0.00873428159142445,0.0455102040816327,0.843029319771984
0.00919398062255205,0.0455102040816327,0.835942101947265
0.00965367965367966,0.0455102040816327,0.828965294062346
0.0101133786848073,0.0455102040816327,0.822097974631235
0.0105730777159349,0.0455102040816327,0.815339236629003
0.0110327767470625,0.0455102040816327,0.808688187371988
0.0114924757781901,0.0455102040816327,0.802143948399894
0.0119521748093177,0.0455102040816327,0.795705655359759
0.0124118738404453,0.0455102040816327,0.789372457891796
0.0128715728715729,0.0455102040816327,0.783143519517081
0.0133312719027005,0.0455102040816327,0.777018017527067
0.0137909709338281,0.0455102040816327,0.770995142874928
0.0142506699649557,0.0455102040816327,0.765074100068694
0.0147103689960833,0.0455102040816327,0.75925410706619
0.0151700680272109,0.0455102040816327,0.753534395171744
0.0156297670583385,0.0455102040816327,0.747914208934655
0.0160894660894661,0.0455102040816327,0.742392806049418
0.0165491651205937,0.0455102040816327,0.736969457257681
0.0170088641517213,0.0455102040816327,0.731643446251923
0.0174685631828489,0.0455102040816327,0.726414069580851
0.0179282622139765,0.0455102040816327,0.72128063655648
0.0183879612451041,0.0455102040816327,0.716242469162919
0.0188476602762317,0.0455102040816327,0.71129890196681
0.0193073593073593,0.0455102040816327,0.706449282029445
0.0197670583384869,0.0455102040816327,0.701692968820525
0.0202267573696145,0.0455102040816327,0.697029334133556
0.0206864564007421,0.0455102040816327,0.692457762002885
0.0211461554318697,0.0455102040816327,0.687977648622334
0.0216058544629973,0.0455102040816327,0.683588402265458
0.0220655534941249,0.0455102040816327,0.679289443207388
0.0225252525252525,0.0455102040816327,0.675080203648261
0.0229849515563801,0.0455102040816327,0.670960127638226
0.0234446505875077,0.0455102040816327,0.666928671004018
0.0239043496186353,0.0455102040816327,0.662985301277079
0.0243640486497629,0.0455102040816327,0.659129497623237
0.0248237476808905,0.0455102040816327,0.655360750773907
0.0252834467120181,0.0455102040816327,0.651678562958836
0.0257431457431457,0.0455102040816327,0.648082447840353
0.0262028447742733,0.0455102040816327,0.644571930449136
0.026662543805401,0.0455102040816327,0.641146547121476
0.0271222428365286,0.0455102040816327,0.637805845438044
0.0275819418676562,0.0455102040816327,0.634549384164127
0.0280416408987838,0.0455102040816327,0.631376733191358
0.0285013399299114,0.0455102040816327,0.628287473480904
0.028961038961039,0.0455102040816327,0.62528119700812
0.0294207379921666,0.0455102040816327,0.622357506708661
0.0298804370232942,0.0455102040816327,0.619516016426033
0.0303401360544218,0.0455102040816327,0.616756350860596
0.0307998350855494,0.0455102040816327,0.614078145519989
0.031259534116677,0.0455102040816327,0.611481046670995
0.0317192331478046,0.0455102040816327,0.608964711292814
0.0321789321789322,0.0455102040816327,0.606528807031762
0.0326386312100598,0.0455102040816327,0.604173012157373
0.0330983302411874,0.0455102040816327,0.601897015519902
0.033558029272315,0.0455102040816327,0.599700516509234
0.0340177283034426,0.0455102040816327,0.597583225015179
0.0344774273345702,0.0455102040816327,0.595544861389149
0.0349371263656978,0.0455102040816327,0.593585156407231
0.0353968253968254,0.0455102040816327,0.591703851234621
0.035856524427953,0.0455102040816327,0.589900697391443
0.0363162234590806,0.0455102040816327,0.588175456719925
0.0367759224902082,0.0455102040816327,0.586527901352949
0.0372356215213358,0.0455102040816327,0.58495781368395
0.0376953205524634,0.0455102040816327,0.583464986338178
0.038155019583591,0.0455102040816327,0.582049222145305
0.0386147186147186,0.0455102040816327,0.580710334113387
0.0390744176458462,0.0455102040816327,0.579448145404163
0.0395341166769738,0.0455102040816327,0.578262489309702
0.0399938157081014,0.0455102040816327,0.57715320923038
0.040453514739229,0.0455102040816327,0.5761201586542
0.0409132137703566,0.0455102040816327,0.57516320113744
0.0413729128014842,0.0455102040816327,0.574282210286631
0.0418326118326118,0.0455102040816327,0.573477069741865
0.0422923108637394,0.0455102040816327,0.572747673161424
0.042752009894867,0.0455102040816327,0.572093924207735
0.0432117089259946,0.0455102040816327,0.571515736534648
0.0436714079571222,0.0455102040816327,0.57101303377603
0.0441311069882499,0.0455102040816327,0.570585749535678
0.0445908060193775,0.0455102040816327,0.570233827378549
0.0450505050505051,0.0455102040816327,0.569957220823311
0.0455102040816327,0.0455102040816327,0.569755893336196
0,0.046734693877551,1
0.000472067614924758,0.046734693877551,0.990254868713574
0.000944135229849516,0.046734693877551,0.980647661622769
0.00141620284477427,0.046734693877551,0.971177040621254
0.00188827045969903,0.046734693877551,0.961841686626614
0.00236033807462379,0.046734693877551,0.952640299396628
0.00283240568954855,0.046734693877551,0.943571597348166
0.0033044733044733,0.046734693877551,0.934634317378695
0.00377654091939806,0.046734693877551,0.925827214690343
0.00424860853432282,0.046734693877551,0.917149062616531
0.00472067614924758,0.046734693877551,0.908598652451114
0.00519274376417234,0.046734693877551,0.900174793280033
0.00566481137909709,0.046734693877551,0.891876311815445
0.00613687899402185,0.046734693877551,0.883702052232302
0.00660894660894661,0.046734693877551,0.875650876007367
0.00708101422387137,0.046734693877551,0.867721661760641
0.00755308183879613,0.046734693877551,0.859913305099172
0.00802514945372088,0.046734693877551,0.852224718463237
0.00849721706864564,0.046734693877551,0.844654830974862
0.0089692846835704,0.046734693877551,0.837202588288669
0.00944135229849516,0.046734693877551,0.829866952445028
0.00991341991341991,0.046734693877551,0.822646901725486
0.0103854875283447,0.046734693877551,0.81554143051046
0.0108575551432694,0.046734693877551,0.808549549139173
0.0113296227581942,0.046734693877551,0.801670283771814
0.0118016903731189,0.046734693877551,0.794902676253901
0.0122737579880437,0.046734693877551,0.788245783982824
0.0127458256029685,0.046734693877551,0.781698679776561
0.0132178932178932,0.046734693877551,0.775260451744536
0.013689960832818,0.046734693877551,0.768930203160614
0.0141620284477427,0.046734693877551,0.762707052338198
0.0146340960626675,0.046734693877551,0.756590132507432
0.0151061636775923,0.046734693877551,0.750578591694471
0.015578231292517,0.046734693877551,0.744671592602819
0.0160502989074418,0.046734693877551,0.738868312496711
0.0165223665223665,0.046734693877551,0.733167943086516
0.0169944341372913,0.046734693877551,0.727569690416165
0.017466501752216,0.046734693877551,0.722072774752557
0.0179385693671408,0.046734693877551,0.716676430476968
0.0184106369820656,0.046734693877551,0.711379905978406
0.0188827045969903,0.046734693877551,0.706182463548929
0.0193547722119151,0.046734693877551,0.701083379280895
0.0198268398268398,0.046734693877551,0.696081942966137
0.0202989074417646,0.046734693877551,0.691177457997042
0.0207709750566893,0.046734693877551,0.686369241269526
0.0212430426716141,0.046734693877551,0.681656623087892
0.0217151102865389,0.046734693877551,0.677038947071553
0.0221871779014636,0.046734693877551,0.672515570063611
0.0226592455163884,0.046734693877551,0.668085862041276
0.0231313131313131,0.046734693877551,0.663749206028115
0.0236033807462379,0.046734693877551,0.65950499800812
0.0240754483611627,0.046734693877551,0.655352646841581
0.0245475159760874,0.046734693877551,0.651291574182748
0.0250195835910122,0.046734693877551,0.647321214399278
0.0254916512059369,0.046734693877551,0.643441014493459
0.0259637188208617,0.046734693877551,0.639650434025178
0.0264357864357864,0.046734693877551,0.635948945036656
0.0269078540507112,0.046734693877551,0.632336031978909
0.027379921665636,0.046734693877551,0.628811191639943
0.0278519892805607,0.046734693877551,0.625373933074665
0.0283240568954855,0.046734693877551,0.622023777536504
0.0287961245104102,0.046734693877551,0.618760258410731
0.029268192125335,0.046734693877551,0.615582921149465
0.0297402597402597,0.046734693877551,0.612491323208369
0.0302123273551845,0.046734693877551,0.609485033985007
0.0306843949701093,0.046734693877551,0.606563634758868
0.031156462585034,0.046734693877551,0.603726718633051
0.0316285301999588,0.046734693877551,0.600973890477587
0.0321005978148835,0.046734693877551,0.598304766874409
0.0325726654298083,0.046734693877551,0.595718976063945
0.0330447330447331,0.046734693877551,0.593216157893339
0.0335168006596578,0.046734693877551,0.590795963766293
0.0339888682745826,0.046734693877551,0.588458056594508
0.0344609358895073,0.046734693877551,0.586202110750738
0.0349330035044321,0.046734693877551,0.584027812023434
0.0354050711193568,0.046734693877551,0.581934857572982
0.0358771387342816,0.046734693877551,0.57992295588952
0.0363492063492064,0.046734693877551,0.57799182675234
0.0368212739641311,0.046734693877551,0.576141201190855
0.0372933415790559,0.046734693877551,0.574370821447139
0.0377654091939806,0.046734693877551,0.572680440940022
0.0382374768089054,0.046734693877551,0.571069824230753
0.0387095444238301,0.046734693877551,0.5695387469902
0.0391816120387549,0.046734693877551,0.56808699596761
0.0396536796536797,0.046734693877551,0.566714368960904
0.0401257472686044,0.046734693877551,0.565420674788518
0.0405978148835292,0.046734693877551,0.564205733262771
0.0410698824984539,0.046734693877551,0.56306937516477
0.0415419501133787,0.046734693877551,0.56201144222084
0.0420140177283034,0.046734693877551,0.561031787080482
0.0424860853432282,0.046734693877551,0.560130273295845
0.042958152958153,0.046734693877551,0.559306775302727
0.0434302205730777,0.046734693877551,0.558561178403082
0.0439022881880025,0.046734693877551,0.557893378749046
0.0443743558029272,0.046734693877551,0.557303283328474
0.044846423417852,0.046734693877551,0.556790809951982
0.0453184910327767,0.046734693877551,0.556355887241504
0.0457905586477015,0.046734693877551,0.555998454620348
0.0462626262626263,0.046734693877551,0.555718462304757
0.046734693877551,0.046734693877551,0.555515871296977
0,0.0479591836734694,1
0.000484436198721913,0.0479591836734694,0.989889928942307
0.000968872397443826,0.0479591836734694,0.979925050793658
0.00145330859616574,0.0479591836734694,0.970103903947461
0.00193774479488765,0.0479591836734694,0.960425047879028
0.00242218099360957,0.0479591836734694,0.950887062934288
0.00290661719233148,0.0479591836734694,0.941488550121553
0.00339105339105339,0.0479591836734694,0.932228130906327
0.0038754895897753,0.0479591836734694,0.923104447009102
0.00435992578849722,0.0479591836734694,0.914116160206134
0.00484436198721913,0.0479591836734694,0.90526195213316
0.00532879818594104,0.0479591836734694,0.89654052409202
0.00581323438466296,0.0479591836734694,0.887950596860177
0.00629767058338487,0.0479591836734694,0.879490910503078
0.00678210678210678,0.0479591836734694,0.871160224189359
0.0072665429808287,0.0479591836734694,0.862957316008841
0.00775097917955061,0.0479591836734694,0.854880982793306
0.00823541537827252,0.0479591836734694,0.846930039940022
0.00871985157699444,0.0479591836734694,0.839103321237991
0.00920428777571635,0.0479591836734694,0.831399678696893
0.00968872397443826,0.0479591836734694,0.823817982378703
0.0101731601731602,0.0479591836734694,0.816357120231958
0.0106575963718821,0.0479591836734694,0.809015997928644
0.011142032570604,0.0479591836734694,0.801793538703688
0.0116264687693259,0.0479591836734694,0.794688683197019
0.0121109049680478,0.0479591836734694,0.787700389298185
0.0125953411667697,0.0479591836734694,0.780827631993507
0.0130797773654917,0.0479591836734694,0.774069403215726
0.0135642135642136,0.0479591836734694,0.767424711696149
0.0140486497629355,0.0479591836734694,0.760892582819251
0.0145330859616574,0.0479591836734694,0.754472058479728
0.0150175221603793,0.0479591836734694,0.748162196941958
0.0155019583591012,0.0479591836734694,0.741962072701876
0.0159863945578231,0.0479591836734694,0.735870776351227
0.016470830756545,0.0479591836734694,0.729887414444171
0.016955266955267,0.0479591836734694,0.724011109366244
0.0174397031539889,0.0479591836734694,0.718240999205627
0.0179241393527108,0.0479591836734694,0.712576237626727
0.0184085755514327,0.0479591836734694,0.70701599374604
0.0188930117501546,0.0479591836734694,0.70155945201028
0.0193774479488765,0.0479591836734694,0.696205812076759
0.0198618841475984,0.0479591836734694,0.690954288695992
0.0203463203463204,0.0479591836734694,0.685804111596523
0.0208307565450423,0.0479591836734694,0.680754525371945
0.0213151927437642,0.0479591836734694,0.675804789370098
0.0217996289424861,0.0479591836734694,0.670954177584436
0.022284065141208,0.0479591836734694,0.666201978547536
0.0227685013399299,0.0479591836734694,0.661547495226746
0.0232529375386518,0.0479591836734694,0.656990044921947
0.0237373737373737,0.0479591836734694,0.652528959165414
0.0242218099360957,0.0479591836734694,0.648163583623771
0.0247062461348176,0.0479591836734694,0.643893278002018
0.0251906823335395,0.0479591836734694,0.63971741594961
0.0256751185322614,0.0479591836734694,0.635635384968589
0.0261595547309833,0.0479591836734694,0.631646586323747
0.0266439909297052,0.0479591836734694,0.627750434954805
0.0271284271284271,0.0479591836734694,0.623946359390597
0.027612863327149,0.0479591836734694,0.620233801665251
0.028097299525871,0.0479591836734694,0.616612217236349
0.0285817357245929,0.0479591836734694,0.613081074905052
0.0290661719233148,0.0479591836734694,0.609639856738195
0.0295506081220367,0.0479591836734694,0.606288057992307
0.0300350443207586,0.0479591836734694,0.603025187039586
0.0305194805194805,0.0479591836734694,0.599850765295786
0.0310039167182024,0.0479591836734694,0.59676432715002
0.0314883529169243,0.0479591836734694,0.593765419896468
0.0319727891156463,0.0479591836734694,0.590853603667972
0.0324572253143682,0.0479591836734694,0.588028451371524
0.0329416615130901,0.0479591836734694,0.585289548625617
0.033426097711812,0.0479591836734694,0.582636493699467
0.0339105339105339,0.0479591836734694,0.580068897454087
0.0343949701092558,0.0479591836734694,0.577586383285215
0.0348794063079777,0.0479591836734694,0.575188587068068
0.0353638425066997,0.0479591836734694,0.572875157103941
0.0358482787054216,0.0479591836734694,0.570645754068614
0.0363327149041435,0.0479591836734694,0.568500050962587
0.0368171511028654,0.0479591836734694,0.566437733063115
0.0373015873015873,0.0479591836734694,0.564458497878046
0.0377860235003092,0.0479591836734694,0.562562055101452
0.0382704596990311,0.0479591836734694,0.560748126571049
0.038754895897753,0.0479591836734694,0.559016446227396
0.039239332096475,0.0479591836734694,0.557366760074874
0.0397237682951969,0.0479591836734694,0.555798826144427
0.0402082044939188,0.0479591836734694,0.554312414458072
0.0406926406926407,0.0479591836734694,0.552907306995169
0.0411770768913626,0.0479591836734694,0.551583297660438
0.0416615130900845,0.0479591836734694,0.550340192253738
0.0421459492888064,0.0479591836734694,0.549177808441571
0.0426303854875284,0.0479591836734694,0.54809597573035
0.0431148216862503,0.0479591836734694,0.547094535441382
0.0435992578849722,0.0479591836734694,0.5461733406876
0.0440836940836941,0.0479591836734694,0.545332256352017
0.044568130282416,0.0479591836734694,0.544571159067903
0.0450525664811379,0.0479591836734694,0.543889937200697
0.0455370026798598,0.0479591836734694,0.543288490831629
0.0460214388785817,0.0479591836734694,0.542766731743063
0.0465058750773037,0.0479591836734694,0.542324583405562
0.0469903112760256,0.0479591836734694,0.54196198096666
0.0474747474747475,0.0479591836734694,0.54167887124135
0.0479591836734694,0.0479591836734694,0.541475212704281
0,0.0491836734693878,1
0.000496804782519068,0.0491836734693878,0.989525126931147
0.000993609565038137,0.0491836734693878,0.979202899347167
0.0014904143475572,0.0491836734693878,0.969031724927268
0.00198721913007627,0.0491836734693878,0.959010034652322
0.00248402391259534,0.0491836734693878,0.949136282562828
0.00298082869511441,0.0491836734693878,0.939408945520431
0.00347763347763348,0.0491836734693878,0.929826522972957
0.00397443826015255,0.0491836734693878,0.920387536722939
0.00447124304267162,0.0491836734693878,0.911090530699589
0.00496804782519068,0.0491836734693878,0.901934070734177
0.00546485260770975,0.0491836734693878,0.892916744338802
0.00596165739022882,0.0491836734693878,0.884037160488494
0.00645846217274789,0.0491836734693878,0.875293949406635
0.00695526695526696,0.0491836734693878,0.866685762353652
0.00745207173778602,0.0491836734693878,0.858211271418966
0.00794887652030509,0.0491836734693878,0.849869169316139
0.00844568130282416,0.0491836734693878,0.841658169181213
0.00894248608534323,0.0491836734693878,0.8335770043742
0.0094392908678623,0.0491836734693878,0.825624428283682
0.00993609565038137,0.0491836734693878,0.817799214134511
0.0104329004329004,0.0491836734693878,0.810100154798567
0.0109297052154195,0.0491836734693878,0.802526062608539
0.0114265099979386,0.0491836734693878,0.795075769174719
0.0119233147804576,0.0491836734693878,0.787748125204761
0.0124201195629767,0.0491836734693878,0.780542000326393
0.0129169243454958,0.0491836734693878,0.773456282913041
0.0134137291280148,0.0491836734693878,0.76648987991235
0.0139105339105339,0.0491836734693878,0.759641716677569
0.014407338693053,0.0491836734693878,0.752910736801771
0.014904143475572,0.0491836734693878,0.746295901954894
0.0154009482580911,0.0491836734693878,0.739796191723565
0.0158977530406102,0.0491836734693878,0.733410603453689
0.0163945578231293,0.0491836734693878,0.727138152095781
0.0168913626056483,0.0491836734693878,0.720977870053007
0.0173881673881674,0.0491836734693878,0.714928807031926
0.0178849721706865,0.0491836734693878,0.708990029895891
0.0183817769532055,0.0491836734693878,0.703160622521106
0.0188785817357246,0.0491836734693878,0.697439685655303
0.0193753865182437,0.0491836734693878,0.691826336779022
0.0198721913007627,0.0491836734693878,0.686319709969468
0.0203689960832818,0.0491836734693878,0.68091895576694
0.0208658008658009,0.0491836734693878,0.675623241043789
0.0213626056483199,0.0491836734693878,0.670431748875895
0.021859410430839,0.0491836734693878,0.665343678416654
0.0223562152133581,0.0491836734693878,0.660358244773432
0.0228530199958771,0.0491836734693878,0.655474678886491
0.0233498247783962,0.0491836734693878,0.650692227410348
0.0238466295609153,0.0491836734693878,0.64601015259757
0.0243434343434343,0.0491836734693878,0.641427732184961
0.0248402391259534,0.0491836734693878,0.636944259282147
0.0253370439084725,0.0491836734693878,0.632559042262534
0.0258338486909916,0.0491836734693878,0.62827140465661
0.0263306534735106,0.0491836734693878,0.624080685047598
0.0268274582560297,0.0491836734693878,0.61998623696942
0.0273242630385488,0.0491836734693878,0.615987428806978
0.0278210678210678,0.0491836734693878,0.612083643698712
0.0283178726035869,0.0491836734693878,0.608274279441451
0.028814677386106,0.0491836734693878,0.60455874839751
0.029311482168625,0.0491836734693878,0.600936477404044
0.0298082869511441,0.0491836734693878,0.597406907684628
0.0303050917336632,0.0491836734693878,0.593969494763062
0.0308018965161822,0.0491836734693878,0.590623708379379
0.0312987012987013,0.0491836734693878,0.587369032408043
0.0317955060812204,0.0491836734693878,0.584204964778336
0.0322923108637394,0.0491836734693878,0.581131017396905
0.0327891156462585,0.0491836734693878,0.578146716072467
0.0332859204287776,0.0491836734693878,0.575251600442663
0.0337827252112966,0.0491836734693878,0.572445223903038
0.0342795299938157,0.0491836734693878,0.569727153538151
0.0347763347763348,0.0491836734693878,0.567096970054789
0.0352731395588538,0.0491836734693878,0.56455426771729
0.0357699443413729,0.0491836734693878,0.562098654284952
0.036266749123892,0.0491836734693878,0.559729750951524
0.0367635539064111,0.0491836734693878,0.557447192286772
0.0372603586889301,0.0491836734693878,0.555250626180108
0.0377571634714492,0.0491836734693878,0.553139713786274
0.0382539682539683,0.0491836734693878,0.551114129473067
0.0387507730364873,0.0491836734693878,0.549173560771111
0.0392475778190064,0.0491836734693878,0.547317708325652
0.0397443826015255,0.0491836734693878,0.54554628585038
0.0402411873840445,0.0491836734693878,0.543859020083269
0.0407379921665636,0.0491836734693878,0.542255650744419
0.0412347969490827,0.0491836734693878,0.540735930495905
0.0417316017316017,0.0491836734693878,0.539299624903626
0.0422284065141208,0.0491836734693878,0.537946512401138
0.0427252112966399,0.0491836734693878,0.536676384255476
0.0432220160791589,0.0491836734693878,0.535489044534953
0.043718820861678,0.0491836734693878,0.534384310078939
0.0442156256441971,0.0491836734693878,0.5333620104696
0.0447124304267162,0.0491836734693878,0.532421988005617
0.0452092352092352,0.0491836734693878,0.531564097677851
0.0457060399917543,0.0491836734693878,0.530788207146981
0.0462028447742734,0.0491836734693878,0.530094196723083
0.0466996495567924,0.0491836734693878,0.529481959347171
0.0471964543393115,0.0491836734693878,0.528951400574678
0.0476932591218306,0.0491836734693878,0.528502438560891
0.0481900639043496,0.0491836734693878,0.528135004048321
0.0486868686868687,0.0491836734693878,0.527849040356023
0.0491836734693878,0.0491836734693878,0.527644503370852
0,0.0504081632653061,1
0.000509173366316224,0.0504081632653061,0.989160652673561
0.00101834673263245,0.0504081632653061,0.978481587095571
0.00152752009894867,0.0504081632653061,0.967961072850149
0.00203669346526489,0.0504081632653061,0.957597405212775
0.00254586683158112,0.0504081632653061,0.947388904874063
0.00305504019789734,0.0504081632653061,0.937333917667645
0.00356421356421356,0.0504081632653061,0.927430814302137
0.00407338693052979,0.0504081632653061,0.917677990097126
0.00458256029684601,0.0504081632653061,0.908073864723159
0.00509173366316224,0.0504081632653061,0.89861688194566
0.00560090702947846,0.0504081632653061,0.889305509372767
0.00611008039579468,0.0504081632653061,0.880138238207023
0.00661925376211091,0.0504081632653061,0.871113583000897
0.00712842712842713,0.0504081632653061,0.86223008141608
0.00763760049474335,0.0504081632653061,0.853486293986533
0.00814677386105958,0.0504081632653061,0.844880803885238
0.0086559472273758,0.0504081632653061,0.83641221669462
0.00916512059369202,0.0504081632653061,0.828079160180595
0.00967429396000825,0.0504081632653061,0.819880284070217
0.0101834673263245,0.0504081632653061,0.811814259832884
0.0106926406926407,0.0504081632653061,0.803879780465062
0.0112018140589569,0.0504081632653061,0.796075560278504
0.0117109874252731,0.0504081632653061,0.788400334691918
0.0122201607915894,0.0504081632653061,0.780852860026054
0.0127293341579056,0.0504081632653061,0.773431913302187
0.0132385075242218,0.0504081632653061,0.766136292043941
0.013747680890538,0.0504081632653061,0.758964814082445
0.0142568542568543,0.0504081632653061,0.751916317364779
0.0147660276231705,0.0504081632653061,0.744989659765671
0.0152752009894867,0.0504081632653061,0.738183718902435
0.0157843743558029,0.0504081632653061,0.731497391953099
0.0162935477221192,0.0504081632653061,0.724929595477707
0.0168027210884354,0.0504081632653061,0.718479265242759
0.0173118944547516,0.0504081632653061,0.712145356048768
0.0178210678210678,0.0504081632653061,0.705926841560894
0.018330241187384,0.0504081632653061,0.69982271414264
0.0188394145537003,0.0504081632653061,0.693831984692576
0.0193485879200165,0.0504081632653061,0.687953682484068
0.0198577612863327,0.0504081632653061,0.682186855007984
0.0203669346526489,0.0504081632653061,0.676530567818348
0.0208761080189652,0.0504081632653061,0.670983904380926
0.0213852813852814,0.0504081632653061,0.665545965924714
0.0218944547515976,0.0504081632653061,0.6602158712963
0.0224036281179138,0.0504081632653061,0.654992756817086
0.0229128014842301,0.0504081632653061,0.649875776143336
0.0234219748505463,0.0504081632653061,0.64486410012904
0.0239311482168625,0.0504081632653061,0.639956916691557
0.0244403215831787,0.0504081632653061,0.635153430680031
0.024949494949495,0.0504081632653061,0.630452863746541
0.0254586683158112,0.0504081632653061,0.625854454219983
0.0259678416821274,0.0504081632653061,0.621357456982647
0.0264770150484436,0.0504081632653061,0.616961143349484
0.0269861884147598,0.0504081632653061,0.612664800950028
0.0274953617810761,0.0504081632653061,0.608467733612962
0.0280045351473923,0.0504081632653061,0.60436926125332
0.0285137085137085,0.0504081632653061,0.600368719762279
0.0290228818800247,0.0504081632653061,0.596465460899553
0.029532055246341,0.0504081632653061,0.592658852188351
0.0300412286126572,0.0504081632653061,0.588948276812892
0.0305504019789734,0.0504081632653061,0.58533313351846
0.0310595753452896,0.0504081632653061,0.581812836513972
0.0315687487116059,0.0504081632653061,0.578386815377064
0.0320779220779221,0.0504081632653061,0.575054514961656
0.0325870954442383,0.0504081632653061,0.571815395308
0.0330962688105545,0.0504081632653061,0.568668931555186
0.0336054421768708,0.0504081632653061,0.565614613856091
0.034114615543187,0.0504081632653061,0.562651947294768
0.0346237889095032,0.0504081632653061,0.559780451806251
0.0351329622758194,0.0504081632653061,0.556999662098761
0.0356421356421356,0.0504081632653061,0.554309127578318
0.0361513090084519,0.0504081632653061,0.551708412275724
0.0366604823747681,0.0504081632653061,0.549197094775918
0.0371696557410843,0.0504081632653061,0.546774768149693
0.0376788291074005,0.0504081632653061,0.544441039887759
0.0381880024737168,0.0504081632653061,0.542195531837136
0.038697175840033,0.0504081632653061,0.540037880139887
0.0392063492063492,0.0504081632653061,0.537967735174151
0.0397155225726654,0.0504081632653061,0.535984761497498
0.0402246959389817,0.0504081632653061,0.534088637792568
0.0407338693052979,0.0504081632653061,0.532279056815011
0.0412430426716141,0.0504081632653061,0.530555725343697
0.0417522160379303,0.0504081632653061,0.528918364133209
0.0422613894042465,0.0504081632653061,0.527366707868586
0.0427705627705628,0.0504081632653061,0.52590050512234
0.043279736136879,0.0504081632653061,0.524519518313711
0.0437889095031952,0.0504081632653061,0.523223523670171
0.0442980828695115,0.0504081632653061,0.522012311191162
0.0448072562358277,0.0504081632653061,0.520885684614072
0.0453164296021439,0.0504081632653061,0.519843461382432
0.0458256029684601,0.0504081632653061,0.51888547261633
0.0463347763347763,0.0504081632653061,0.518011563085054
0.0468439497010926,0.0504081632653061,0.51722159118193
0.0473531230674088,0.0504081632653061,0.516515428901386
0.047862296433725,0.0504081632653061,0.5158929618182
0.0483714698000412,0.0504081632653061,0.515354089068968
0.0488806431663575,0.0504081632653061,0.514898723335752
0.0493898165326737,0.0504081632653061,0.514526790831939
0.0498989898989899,0.0504081632653061,0.514238231290279
0.0504081632653061,0.0504081632653061,0.514032997953121
0,0.0516326530612245,1
0.000521541950113379,0.0516326530612245,0.988796676564889
0.00104308390022676,0.0516326530612245,0.977761454657792
0.00156462585034014,0.0516326530612245,0.966892458222985
0.00208616780045351,0.0516326530612245,0.9561878394641
0.00260770975056689,0.0516326530612245,0.945645778529986
0.00312925170068027,0.0516326530612245,0.935264483205322
0.00365079365079365,0.0516326530612245,0.925042188605934
0.00417233560090703,0.0516326530612245,0.91497715687875
0.00469387755102041,0.0516326530612245,0.905067676906355
0.00521541950113379,0.0516326530612245,0.895312064016092
0.00573696145124717,0.0516326530612245,0.885708659693653
0.00625850340136054,0.0516326530612245,0.87625583130113
0.00678004535147392,0.0516326530612245,0.866951971799445
0.0073015873015873,0.0516326530612245,0.857795499475153
0.00782312925170068,0.0516326530612245,0.848784857671536
0.00834467120181406,0.0516326530612245,0.839918514523964
0.00886621315192744,0.0516326530612245,0.831194962699467
0.00938775510204082,0.0516326530612245,0.82261271914048
0.0099092970521542,0.0516326530612245,0.814170324812714
0.0104308390022676,0.0516326530612245,0.805866344457111
0.010952380952381,0.0516326530612245,0.797699366345841
0.0114739229024943,0.0516326530612245,0.7896680020423
0.0119954648526077,0.0516326530612245,0.781770886165066
0.0125170068027211,0.0516326530612245,0.774006676155779
0.0130385487528345,0.0516326530612245,0.766374052050893
0.0135600907029478,0.0516326530612245,0.758871716257279
0.0140816326530612,0.0516326530612245,0.751498393331621
0.0146031746031746,0.0516326530612245,0.744252829763588
0.015124716553288,0.0516326530612245,0.737133793762725
0.0156462585034014,0.0516326530612245,0.730140075049045
0.0161678004535147,0.0516326530612245,0.723270484647271
0.0166893424036281,0.0516326530612245,0.716523854684703
0.0172108843537415,0.0516326530612245,0.709899038192676
0.0177324263038549,0.0516326530612245,0.703394908911564
0.0182539682539683,0.0516326530612245,0.697010361099309
0.0187755102040816,0.0516326530612245,0.690744309343442
0.019297052154195,0.0516326530612245,0.684595688376553
0.0198185941043084,0.0516326530612245,0.678563452895189
0.0203401360544218,0.0516326530612245,0.672646577382149
0.0208616780045351,0.0516326530612245,0.666844055932134
0.0213832199546485,0.0516326530612245,0.661154902080742
0.0219047619047619,0.0516326530612245,0.655578148636764
0.0224263038548753,0.0516326530612245,0.650112847517747
0.0229478458049887,0.0516326530612245,0.644758069588826
0.023469387755102,0.0516326530612245,0.639512904504756
0.0239909297052154,0.0516326530612245,0.634376460555151
0.0245124716553288,0.0516326530612245,0.62934786451289
0.0250340136054422,0.0516326530612245,0.624426261485658
0.0255555555555556,0.0516326530612245,0.619610814770615
0.0260770975056689,0.0516326530612245,0.614900705712145
0.0265986394557823,0.0516326530612245,0.610295133562684
0.0271201814058957,0.0516326530612245,0.605793315346589
0.0276417233560091,0.0516326530612245,0.601394485727021
0.0281632653061224,0.0516326530612245,0.597097896875839
0.0286848072562358,0.0516326530612245,0.592902818346463
0.0292063492063492,0.0516326530612245,0.588808536949694
0.0297278911564626,0.0516326530612245,0.584814356632463
0.030249433106576,0.0516326530612245,0.580919598359506
0.0307709750566893,0.0516326530612245,0.577123599997915
0.0312925170068027,0.0516326530612245,0.57342571620458
0.0318140589569161,0.0516326530612245,0.569825318316467
0.0323356009070295,0.0516326530612245,0.566321794243751
0.0328571428571429,0.0516326530612245,0.56291454836575
0.0333786848072562,0.0516326530612245,0.55960300142967
0.0339002267573696,0.0516326530612245,0.556386590452125
0.034421768707483,0.0516326530612245,0.553264768623429
0.0349433106575964,0.0516326530612245,0.550237005214636
0.0354648526077097,0.0516326530612245,0.547302785487307
0.0359863945578231,0.0516326530612245,0.54446161060601
0.0365079365079365,0.0516326530612245,0.541712997553506
0.0370294784580499,0.0516326530612245,0.53905647904864
0.0375510204081633,0.0516326530612245,0.536491603466897
0.0380725623582766,0.0516326530612245,0.534017934763621
0.03859410430839,0.0516326530612245,0.531635052399892
0.0391156462585034,0.0516326530612245,0.529342551271024
0.0396371882086168,0.0516326530612245,0.527140041637698
0.0401587301587302,0.0516326530612245,0.525027149059706
0.0406802721088435,0.0516326530612245,0.523003514332288
0.0412018140589569,0.0516326530612245,0.521068793425072
0.0417233560090703,0.0516326530612245,0.519222657423581
0.0422448979591837,0.0516326530612245,0.51746479247332
0.0427664399092971,0.0516326530612245,0.515794899726415
0.0432879818594104,0.0516326530612245,0.514212695290808
0.0438095238095238,0.0516326530612245,0.512717910181997
0.0443310657596372,0.0516326530612245,0.511310290277301
0.0448526077097506,0.0516326530612245,0.509989596272664
0.045374149659864,0.0516326530612245,0.508755603641966
0.0458956916099773,0.0516326530612245,0.507608102598856
0.0464172335600907,0.0516326530612245,0.506546898061086
0.0469387755102041,0.0516326530612245,0.505571809617346
0.0474603174603175,0.0516326530612245,0.50468267149659
0.0479818594104308,0.0516326530612245,0.503879332539861
0.0485034013605442,0.0516326530612245,0.503161656174584
0.0490249433106576,0.0516326530612245,0.502529520391356
0.049546485260771,0.0516326530612245,0.501982817723199
0.0500680272108844,0.0516326530612245,0.501521455227289
0.0505895691609977,0.0516326530612245,0.50114535446916
0.0511111111111111,0.0516326530612245,0.500854451509364
0.0516326530612245,0.0516326530612245,0.500648696892608
0,0.0528571428571429,1
0.000533910533910534,0.0528571428571429,0.988433350576152
0.00106782106782107,0.0528571428571429,0.977042805806787
0.0016017316017316,0.0528571428571429,0.965826336290578
0.00213564213564214,0.0528571428571429,0.954781943640395
0.00266955266955267,0.0528571428571429,0.943907660127255
0.0032034632034632,0.0528571428571429,0.933201548329742
0.00373737373737374,0.0528571428571429,0.922661700788827
0.00427128427128427,0.0528571428571429,0.912286239668025
0.00480519480519481,0.0528571428571429,0.902073316418828
0.00533910533910534,0.0528571428571429,0.892021111451357
0.00587301587301587,0.0528571428571429,0.882127833810175
0.00640692640692641,0.0528571428571429,0.872391720855203
0.00694083694083694,0.0528571428571429,0.862811037947674
0.00747474747474747,0.0528571428571429,0.853384078141083
0.00800865800865801,0.0528571428571429,0.844109161877068
0.00854256854256854,0.0528571428571429,0.83498463668617
0.00907647907647908,0.0528571428571429,0.826008876893419
0.00961038961038961,0.0528571428571429,0.8171802833287
0.0101443001443001,0.0528571428571429,0.808497283041829
0.0106782106782107,0.0528571428571429,0.799958329022313
0.0112121212121212,0.0528571428571429,0.791561899923725
0.0117460317460317,0.0528571428571429,0.783306499792649
0.0122799422799423,0.0528571428571429,0.77519065780216
0.0128138528138528,0.0528571428571429,0.767212927989765
0.0133477633477633,0.0528571428571429,0.759371888999791
0.0138816738816739,0.0528571428571429,0.751666143830141
0.0144155844155844,0.0528571428571429,0.744094319583403
0.0149494949494949,0.0528571428571429,0.73665506722224
0.0154834054834055,0.0528571428571429,0.729347061329046
0.016017316017316,0.0528571428571429,0.722168999869798
0.0165512265512266,0.0528571428571429,0.715119603962076
0.0170851370851371,0.0528571428571429,0.708197617647217
0.0176190476190476,0.0528571428571429,0.701401807666542
0.0181529581529582,0.0528571428571429,0.694730963241634
0.0186868686868687,0.0528571428571429,0.688183895858615
0.0192207792207792,0.0528571428571429,0.6817594390564
0.0197546897546898,0.0528571428571429,0.67545644821887
0.0202886002886003,0.0528571428571429,0.669273800370943
0.0208225108225108,0.0528571428571429,0.663210393978497
0.0213564213564214,0.0528571428571429,0.657265148752114
0.0218903318903319,0.0528571428571429,0.651437005454614
0.0224242424242424,0.0528571428571429,0.645724925712331
0.022958152958153,0.0528571428571429,0.640127891830111
0.0234920634920635,0.0528571428571429,0.634644906609998
0.024025974025974,0.0528571428571429,0.629274993173565
0.0245598845598846,0.0528571428571429,0.624017194787865
0.0250937950937951,0.0528571428571429,0.61887057469498
0.0256277056277056,0.0528571428571429,0.613834215945122
0.0261616161616162,0.0528571428571429,0.608907221233259
0.0266955266955267,0.0528571428571429,0.604088712739252
0.0272294372294372,0.0528571428571429,0.599377831971455
0.0277633477633478,0.0528571428571429,0.594773739613765
0.0282972582972583,0.0528571428571429,0.590275615376078
0.0288311688311688,0.0528571428571429,0.585882657848149
0.0293650793650794,0.0528571428571429,0.581594084356804
0.0298989898989899,0.0528571428571429,0.577409130826497
0.0304329004329004,0.0528571428571429,0.573327051643175
0.030966810966811,0.0528571428571429,0.569347119521438
0.0315007215007215,0.0528571428571429,0.565468625374963
0.032034632034632,0.0528571428571429,0.561690878190167
0.0325685425685426,0.0528571428571429,0.558013204903091
0.0331024531024531,0.0528571428571429,0.554434950279488
0.0336363636363636,0.0528571428571429,0.550955476798078
0.0341702741702742,0.0528571428571429,0.547574164536967
0.0347041847041847,0.0528571428571429,0.544290411063196
0.0352380952380952,0.0528571428571429,0.541103631325412
0.0357720057720058,0.0528571428571429,0.538013257549625
0.0363059163059163,0.0528571428571429,0.535018739138059
0.0368398268398268,0.0528571428571429,0.532119542571049
0.0373737373737374,0.0528571428571429,0.529315151311987
0.0379076479076479,0.0528571428571429,0.526605065715295
0.0384415584415584,0.0528571428571429,0.523988802937402
0.038975468975469,0.0528571428571429,0.521465896850721
0.0395093795093795,0.0528571428571429,0.5190358979606
0.04004329004329,0.0528571428571429,0.51669837332524
0.0405772005772006,0.0528571428571429,0.514452906478554
0.0411111111111111,0.0528571428571429,0.512299097355972
0.0416450216450216,0.0528571428571429,0.510236562223162
0.0421789321789322,0.0528571428571429,0.508264933607663
0.0427128427128427,0.0528571428571429,0.506383860233412
0.0432467532467533,0.0528571428571429,0.504593006958158
0.0437806637806638,0.0528571428571429,0.502892054713756
0.0443145743145743,0.0528571428571429,0.501280700449313
0.0448484848484849,0.0528571428571429,0.499758657077204
0.0453823953823954,0.0528571428571429,0.498325653421912
0.0459163059163059,0.0528571428571429,0.496981434171725
0.0464502164502164,0.0528571428571429,0.495725759833238
0.046984126984127,0.0528571428571429,0.494558406688691
0.0475180375180375,0.0528571428571429,0.493479166756108
0.0480519480519481,0.0528571428571429,0.492487847752239
0.0485858585858586,0.0528571428571429,0.491584273058308
0.0491197691197691,0.0528571428571429,0.490768281688539
0.0496536796536797,0.0528571428571429,0.490039728261476
0.0501875901875902,0.0528571428571429,0.489398482974085
0.0507215007215007,0.0528571428571429,0.488844431578623
0.0512554112554113,0.0528571428571429,0.488377475362282
0.0517893217893218,0.0528571428571429,0.487997531129607
0.0523232323232323,0.0528571428571429,0.487704531187671
0.0528571428571429,0.0528571428571429,0.487498423334011
0,0.0540816326530612,1
0.000546279117707689,0.0540816326530612,0.988070809418979
0.00109255823541538,0.0540816326530612,0.97632590979917
0.00163883735312307,0.0540816326530612,0.964763110529515
0.00218511647083076,0.0540816326530612,0.953380254963576
0.00273139558853845,0.0540816326530612,0.942175220017287
0.00327767470624613,0.0540816326530612,0.931145915772958
0.00382395382395382,0.0540816326530612,0.920290285089482
0.00437023294166151,0.0540816326530612,0.909606303218638
0.0049165120593692,0.0540816326530612,0.899091977427445
0.00546279117707689,0.0540816326530612,0.888745346626489
0.00600907029478458,0.0540816326530612,0.878564481004142
0.00655534941249227,0.0540816326530612,0.868547481666627
0.00710162853019996,0.0540816326530612,0.858692480283841
0.00764790764790765,0.0540816326530612,0.848997638740886
0.00819418676561534,0.0540816326530612,0.839461148795224
0.00874046588332303,0.0540816326530612,0.830081231739415
0.00928674500103072,0.0540816326530612,0.820856138069363
0.0098330241187384,0.0540816326530612,0.811784147157999
0.0103793032364461,0.0540816326530612,0.802863566934361
0.0109255823541538,0.0540816326530612,0.794092733567994
0.0114718614718615,0.0540816326530612,0.785470011158621
0.0120181405895692,0.0540816326530612,0.776993791431018
0.0125644197072769,0.0540816326530612,0.768662493435051
0.0131106988249845,0.0540816326530612,0.760474563250794
0.0136569779426922,0.0540816326530612,0.75242847369871
0.0142032570603999,0.0540816326530612,0.744522724054797
0.0147495361781076,0.0540816326530612,0.736755839770686
0.0152958152958153,0.0540816326530612,0.729126372198612
0.015842094413523,0.0540816326530612,0.721632898321216
0.0163883735312307,0.0540816326530612,0.714274020486135
0.0169346526489384,0.0540816326530612,0.70704836614531
0.0174809317666461,0.0540816326530612,0.699954587598991
0.0180272108843537,0.0540816326530612,0.692991361744365
0.0185734900020614,0.0540816326530612,0.686157389828778
0.0191197691197691,0.0540816326530612,0.679451397207498
0.0196660482374768,0.0540816326530612,0.67287213310597
0.0202123273551845,0.0540816326530612,0.66641837038653
0.0207586064728922,0.0540816326530612,0.660088905319522
0.0213048855905999,0.0540816326530612,0.653882557358785
0.0218511647083076,0.0540816326530612,0.647798168921461
0.0223974438260153,0.0540816326530612,0.641834605172088
0.0229437229437229,0.0540816326530612,0.635990753810935
0.0234900020614306,0.0540816326530612,0.63026552486654
0.0240362811791383,0.0540816326530612,0.624657850492415
0.024582560296846,0.0540816326530612,0.619166684767869
0.0251288394145537,0.0540816326530612,0.613791003502938
0.0256751185322614,0.0540816326530612,0.608529804047347
0.0262213976499691,0.0540816326530612,0.603382105103506
0.0267676767676768,0.0540816326530612,0.598346946543479
0.0273139558853845,0.0540816326530612,0.593423389229906
0.0278602350030921,0.0540816326530612,0.588610514840841
0.0284065141207998,0.0540816326530612,0.583907425698465
0.0289527932385075,0.0540816326530612,0.579313244601662
0.0294990723562152,0.0540816326530612,0.5748271146624
0.0300453514739229,0.0540816326530612,0.570448199145911
0.0305916305916306,0.0540816326530612,0.566175681314629
0.0311379097093383,0.0540816326530612,0.56200876427585
0.031684188827046,0.0540816326530612,0.557946670833104
0.0322304679447537,0.0540816326530612,0.553988643341191
0.0327767470624614,0.0540816326530612,0.55013394356487
0.033323026180169,0.0540816326530612,0.546381852541171
0.0338693052978767,0.0540816326530612,0.542731670445286
0.0344155844155844,0.0540816326530612,0.539182716460051
0.0349618635332921,0.0540816326530612,0.53573432864896
0.0355081426509998,0.0540816326530612,0.532385863832697
0.0360544217687075,0.0540816326530612,0.529136697469184
0.0366007008864152,0.0540816326530612,0.525986223537082
0.0371469800041229,0.0540816326530612,0.522933854422768
0.0376932591218306,0.0540816326530612,0.519979020810732
0.0382395382395382,0.0540816326530612,0.517121171577386
0.0387858173572459,0.0540816326530612,0.514359773688282
0.0393320964749536,0.0540816326530612,0.511694312098679
0.0398783755926613,0.0540816326530612,0.50912428965749
0.040424654710369,0.0540816326530612,0.506649227014549
0.0409709338280767,0.0540816326530612,0.504268662531206
0.0415172129457844,0.0540816326530612,0.501982152194228
0.0420634920634921,0.0540816326530612,0.499789269532976
0.0426097711811998,0.0540816326530612,0.497689605539867
0.0431560502989074,0.0540816326530612,0.495682768594087
0.0437023294166151,0.0540816326530612,0.493768384388545
0.0442486085343228,0.0540816326530612,0.491946095860062
0.0447948876520305,0.0540816326530612,0.490215563122769
0.0453411667697382,0.0540816326530612,0.488576463404716
0.0458874458874459,0.0540816326530612,0.487028490987671
0.0464337250051536,0.0540816326530612,0.485571357150094
0.0469800041228613,0.0540816326530612,0.48420479011329
0.047526283240569,0.0540816326530612,0.482928534990715
0.0480725623582766,0.0540816326530612,0.48174235374044
0.0486188414759843,0.0540816326530612,0.480646025120746
0.049165120593692,0.0540816326530612,0.479639344648865
0.0497113997113997,0.0540816326530612,0.478722124562836
0.0502576788291074,0.0540816326530612,0.477894193786488
0.0508039579468151,0.0540816326530612,0.47715539789753
0.0513502370645228,0.0540816326530612,0.476505599098747
0.0518965161822305,0.0540816326530612,0.475944676192303
0.0524427952999382,0.0540816326530612,0.475472524557131
0.0529890744176459,0.0540816326530612,0.475089056129423
0.0535353535353535,0.0540816326530612,0.474794199386201
0.0540816326530612,0.0540816326530612,0.474587899331983
0,0.0553061224489796,1
0.000558647701504844,0.0553061224489796,0.987709171692296
0.00111729540300969,0.0553061224489796,0.975611003668377
0.00167594310451453,0.0553061224489796,0.963703136087359
0.00223459080601938,0.0553061224489796,0.951983246227924
0.00279323850752422,0.0553061224489796,0.940449048035261
0.00335188620902907,0.0553061224489796,0.929098291675145
0.00391053391053391,0.0553061224489796,0.917928763095096
0.00446918161203876,0.0553061224489796,0.906938283592509
0.0050278293135436,0.0553061224489796,0.89612470938968
0.00558647701504844,0.0553061224489796,0.885485931215648
0.00614512471655329,0.0553061224489796,0.875019873894761
0.00670377241805813,0.0553061224489796,0.864724495941904
0.00726242011956298,0.0553061224489796,0.854597789164287
0.00782106782106782,0.0553061224489796,0.844637778269729
0.00837971552257267,0.0553061224489796,0.834842520481369
0.00893836322407751,0.0553061224489796,0.825210105158709
0.00949701092558235,0.0553061224489796,0.815738653424924
0.0100556586270872,0.0553061224489796,0.806426317800382
0.010614306328592,0.0553061224489796,0.797271281842271
0.0111729540300969,0.0553061224489796,0.788271759790294
0.0117316017316017,0.0553061224489796,0.779425996218335
0.0122902494331066,0.0553061224489796,0.770732265692059
0.0128488971346114,0.0553061224489796,0.762188872432344
0.0134075448361163,0.0553061224489796,0.753794149984512
0.0139661925376211,0.0553061224489796,0.745546460893273
0.014524840239126,0.0553061224489796,0.737444196383325
0.0150834879406308,0.0553061224489796,0.729485776045551
0.0156421356421356,0.0553061224489796,0.721669647528747
0.0162007833436405,0.0553061224489796,0.713994286236827
0.0167594310451453,0.0553061224489796,0.706458195031436
0.0173180787466502,0.0553061224489796,0.699059903939923
0.017876726448155,0.0553061224489796,0.691797969868608
0.0184353741496599,0.0553061224489796,0.684670976321302
0.0189940218511647,0.0553061224489796,0.677677533123004
0.0195526695526696,0.0553061224489796,0.670816276148735
0.0201113172541744,0.0553061224489796,0.664085867057461
0.0206699649556792,0.0553061224489796,0.657484993031033
0.0212286126571841,0.0553061224489796,0.651012366518116
0.0217872603586889,0.0553061224489796,0.64466672498304
0.0223459080601938,0.0553061224489796,0.638446830659534
0.0229045557616986,0.0553061224489796,0.632351470309287
0.0234632034632035,0.0553061224489796,0.626379454985302
0.0240218511647083,0.0553061224489796,0.620529619799978
0.0245804988662132,0.0553061224489796,0.614800823697892
0.025139146567718,0.0553061224489796,0.609191949233227
0.0256977942692228,0.0553061224489796,0.603701902351804
0.0262564419707277,0.0553061224489796,0.598329612177681
0.0268150896722325,0.0553061224489796,0.593074030804268
0.0273737373737374,0.0553061224489796,0.587934133089927
0.0279323850752422,0.0553061224489796,0.582908916458008
0.0284910327767471,0.0553061224489796,0.577997400701289
0.0290496804782519,0.0553061224489796,0.573198627790782
0.0296083281797568,0.0553061224489796,0.568511661688858
0.0301669758812616,0.0553061224489796,0.563935588166668
0.0307256235827664,0.0553061224489796,0.559469514625815
0.0312842712842713,0.0553061224489796,0.555112569924246
0.0318429189857761,0.0553061224489796,0.550863904206327
0.032401566687281,0.0553061224489796,0.546722688737078
0.0329602143887858,0.0553061224489796,0.542688115740515
0.0335188620902907,0.0553061224489796,0.538759398242089
0.0340775097917955,0.0553061224489796,0.534935769915185
0.0346361574933004,0.0553061224489796,0.531216484931637
0.0351948051948052,0.0553061224489796,0.527600817816254
0.03575345289631,0.0553061224489796,0.524088063305309
0.0363121005978149,0.0553061224489796,0.52067753620897
0.0368707482993197,0.0553061224489796,0.517368571277649
0.0374293960008246,0.0553061224489796,0.514160523072243
0.0379880437023294,0.0553061224489796,0.511052765838234
0.0385466914038343,0.0553061224489796,0.508044693383629
0.0391053391053391,0.0553061224489796,0.505135718960719
0.039663986806844,0.0553061224489796,0.502325275151631
0.0402226345083488,0.0553061224489796,0.499612813757648
0.0407812822098536,0.0553061224489796,0.496997805692275
0.0413399299113585,0.0553061224489796,0.494479740878043
0.0418985776128633,0.0553061224489796,0.492058128147008
0.0424572253143682,0.0553061224489796,0.489732495144951
0.043015873015873,0.0553061224489796,0.487502388239235
0.0435745207173779,0.0553061224489796,0.485367372430328
0.0441331684188827,0.0553061224489796,0.483327031266947
0.0446918161203876,0.0553061224489796,0.481380966764827
0.0452504638218924,0.0553061224489796,0.479528799329094
0.0458091115233972,0.0553061224489796,0.477770167680219
0.0463677592249021,0.0553061224489796,0.476104728783551
0.0469264069264069,0.0553061224489796,0.4745321577824
0.0474850546279118,0.0553061224489796,0.473052147934677
0.0480437023294166,0.0553061224489796,0.471664410553058
0.0486023500309215,0.0553061224489796,0.470368674948676
0.0491609977324263,0.0553061224489796,0.469164688378317
0.0497196454339312,0.0553061224489796,0.468052215995125
0.050278293135436,0.0553061224489796,0.467031040802791
0.0508369408369408,0.0553061224489796,0.466100963613224
0.0513955885384457,0.0553061224489796,0.465261803007705
0.0519542362399505,0.0553061224489796,0.464513395301491
0.0525128839414554,0.0553061224489796,0.463855594511893
0.0530715316429602,0.0553061224489796,0.463288272329799
0.0536301793444651,0.0553061224489796,0.462811318094647
0.0541888270459699,0.0553061224489796,0.462424638772838
0.0547474747474748,0.0553061224489796,0.462128158939591
0.0553061224489796,0.0553061224489796,0.461921820764231
0,0.056530612244898,1
0.000571016285302,0.056530612244898,0.987348541002987
0.001142032570604,0.056530612244898,0.974898294465761
0.001713048855906,0.056530612244898,0.962646723143747
0.002284065141208,0.056530612244898,0.95059133028053
0.00285508142651,0.056530612244898,0.938729659099044
0.003426097711812,0.056530612244898,0.927059292300903
0.003997113997114,0.056530612244898,0.915577851573775
0.004568130282416,0.056530612244898,0.904282997106709
0.005139146567718,0.056530612244898,0.893172427113296
0.00571016285302,0.056530612244898,0.882243877362594
0.006281179138322,0.056530612244898,0.871495120717694
0.006852195423624,0.056530612244898,0.860923966681854
0.007423211708926,0.056530612244898,0.850528260952089
0.00799422799422799,0.056530612244898,0.840305884980154
0.00856524427952999,0.056530612244898,0.830254755540794
0.00913626056483199,0.056530612244898,0.82037282430721
0.00970727685013399,0.056530612244898,0.810658077433623
0.010278293135436,0.056530612244898,0.801108535144874
0.010849309420738,0.056530612244898,0.791722251332964
0.01142032570604,0.056530612244898,0.782497313160455
0.011991341991342,0.056530612244898,0.773431840670649
0.012562358276644,0.056530612244898,0.764523986404476
0.013133374561946,0.056530612244898,0.755771935023994
0.013704390847248,0.056530612244898,0.747173902942442
0.01427540713255,0.056530612244898,0.73872813796076
0.014846423417852,0.056530612244898,0.73043291891051
0.015417439703154,0.056530612244898,0.722286555303115
0.015988455988456,0.056530612244898,0.714287386985356
0.016559472273758,0.056530612244898,0.706433783801045
0.01713048855906,0.056530612244898,0.698724145258815
0.017701504844362,0.056530612244898,0.691156900205958
0.018272521129664,0.056530612244898,0.683730506508235
0.018843537414966,0.056530612244898,0.676443450735604
0.019414553700268,0.056530612244898,0.669294247853798
0.01998556998557,0.056530612244898,0.66228144092169
0.020556586270872,0.056530612244898,0.655403600794377
0.021127602556174,0.056530612244898,0.648659325831942
0.021698618841476,0.056530612244898,0.642047241613801
0.022269635126778,0.056530612244898,0.635566000658622
0.02284065141208,0.056530612244898,0.629214282149711
0.023411667697382,0.056530612244898,0.622990791665846
0.023982683982684,0.056530612244898,0.616894260917485
0.024553700267986,0.056530612244898,0.610923447488301
0.025124716553288,0.056530612244898,0.605077134581987
0.02569573283859,0.056530612244898,0.599354130774289
0.026266749123892,0.056530612244898,0.5937532697702
0.026837765409194,0.056530612244898,0.588273410166281
0.027408781694496,0.056530612244898,0.582913435218054
0.027979797979798,0.056530612244898,0.577672252612423
0.0285508142651,0.056530612244898,0.572548794245064
0.029121830550402,0.056530612244898,0.567542016002761
0.029692846835704,0.056530612244898,0.562650897550624
0.030263863121006,0.056530612244898,0.557874442124152
0.030834879406308,0.056530612244898,0.553211676326105
0.03140589569161,0.056530612244898,0.548661649928132
0.031976911976912,0.056530612244898,0.544223435677125
0.032547928262214,0.056530612244898,0.539896129106252
0.033118944547516,0.056530612244898,0.535678848350637
0.033689960832818,0.056530612244898,0.531570733967641
0.03426097711812,0.056530612244898,0.52757094876172
0.034831993403422,0.056530612244898,0.523678677613808
0.035403009688724,0.056530612244898,0.519893127315206
0.035974025974026,0.056530612244898,0.516213526405933
0.036545042259328,0.056530612244898,0.512639125017508
0.03711605854463,0.056530612244898,0.509169194720135
0.037687074829932,0.056530612244898,0.505803028374258
0.038258091115234,0.056530612244898,0.502539939986448
0.038829107400536,0.056530612244898,0.499379264569608
0.039400123685838,0.056530612244898,0.49632035800745
0.03997113997114,0.056530612244898,0.493362596923236
0.040542156256442,0.056530612244898,0.490505378552737
0.041113172541744,0.056530612244898,0.487748120621392
0.041684188827046,0.056530612244898,0.485090261225652
0.042255205112348,0.056530612244898,0.482531258718464
0.04282622139765,0.056530612244898,0.480070591598891
0.043397237682952,0.056530612244898,0.477707758405836
0.043968253968254,0.056530612244898,0.475442277615844
0.044539270253556,0.056530612244898,0.473273687544979
0.045110286538858,0.056530612244898,0.47120154625473
0.04568130282416,0.056530612244898,0.469225431461955
0.046252319109462,0.056530612244898,0.467344940452816
0.046823335394764,0.056530612244898,0.465559690000718
0.047394351680066,0.056530612244898,0.463869316288203
0.047965367965368,0.056530612244898,0.462273474832813
0.04853638425067,0.056530612244898,0.460771840416886
0.049107400535972,0.056530612244898,0.459364107021278
0.049678416821274,0.056530612244898,0.458049987763002
0.050249433106576,0.056530612244898,0.456829214836761
0.050820449391878,0.056530612244898,0.455701539460376
0.05139146567718,0.056530612244898,0.45466673182408
0.051962481962482,0.056530612244898,0.453724581043691
0.052533498247784,0.056530612244898,0.452874895117633
0.053104514533086,0.056530612244898,0.452117500887808
0.053675530818388,0.056530612244898,0.451452244004309
0.05424654710369,0.056530612244898,0.450878988893964
0.054817563388992,0.056530612244898,0.450397618732706
0.055388579674294,0.056530612244898,0.450008035421769
0.055959595959596,0.056530612244898,0.449710159567693
0.056530612244898,0.056530612244898,0.449503930466148
0,0.0577551020408163,1
0.000583384869099155,0.0577551020408163,0.986989007054119
0.00116676973819831,0.0577551020408163,0.974187961436838
0.00175015460729746,0.0577551020408163,0.961594140174234
0.00233353947639662,0.0577551020408163,0.949204864372102
0.00291692434549577,0.0577551020408163,0.937017498646117
0.00350030921459493,0.0577551020408163,0.925029450561248
0.00408369408369408,0.0577551020408163,0.913238170080309
0.00466707895279324,0.0577551020408163,0.901641149021526
0.00525046382189239,0.0577551020408163,0.890235920525013
0.00583384869099155,0.0577551020408163,0.879020058528028
0.0064172335600907,0.0577551020408163,0.86799117724892
0.00700061842918986,0.0577551020408163,0.857146930679632
0.00758400329828901,0.0577551020408163,0.846485012086673
0.00816738816738817,0.0577551020408163,0.83600315352044
0.00875077303648732,0.0577551020408163,0.825699125332793
0.00933415790558648,0.0577551020408163,0.815570735702772
0.00991754277468563,0.0577551020408163,0.805615830170368
0.0105009276437848,0.0577551020408163,0.795832291178234
0.0110843125128839,0.0577551020408163,0.78621803762125
0.0116676973819831,0.0577551020408163,0.776771024403842
0.0122510822510823,0.0577551020408163,0.767489242004956
0.0128344671201814,0.0577551020408163,0.758370716050608
0.0134178519892806,0.0577551020408163,0.749413506893901
0.0140012368583797,0.0577551020408163,0.740615709202433
0.0145846217274789,0.0577551020408163,0.731975451553009
0.015168006596578,0.0577551020408163,0.723490896033555
0.0157513914656772,0.0577551020408163,0.715160237852171
0.0163347763347763,0.0577551020408163,0.706981704953222
0.0169181612038755,0.0577551020408163,0.698953557640399
0.0175015460729746,0.0577551020408163,0.691074088206654
0.0180849309420738,0.0577551020408163,0.683341620570952
0.018668315811173,0.0577551020408163,0.675754509921737
0.0192517006802721,0.0577551020408163,0.668311142367059
0.0198350855493713,0.0577551020408163,0.661009934591276
0.0204184704184704,0.0577551020408163,0.653849333518258
0.0210018552875696,0.0577551020408163,0.646827815981022
0.0215852401566687,0.0577551020408163,0.639943888397737
0.0221686250257679,0.0577551020408163,0.633196086454013
0.022752009894867,0.0577551020408163,0.626582974791418
0.0233353947639662,0.0577551020408163,0.620103146702159
0.0239187796330654,0.0577551020408163,0.613755223829856
0.0245021645021645,0.0577551020408163,0.607537855876339
0.0250855493712637,0.0577551020408163,0.601449720314422
0.0256689342403628,0.0577551020408163,0.595489522106585
0.026252319109462,0.0577551020408163,0.589655993429496
0.0268357039785611,0.0577551020408163,0.583947893404326
0.0274190888476603,0.0577551020408163,0.578364007832799
0.0280024737167594,0.0577551020408163,0.572903148938911
0.0285858585858586,0.0577551020408163,0.567564155116272
0.0291692434549577,0.0577551020408163,0.562345890681018
0.0297526283240569,0.0577551020408163,0.557247245630229
0.0303360131931561,0.0577551020408163,0.552267135405822
0.0309193980622552,0.0577551020408163,0.54740450066384
0.0315027829313544,0.0577551020408163,0.542658307049122
0.0320861678004535,0.0577551020408163,0.538027544975277
0.0326695526695527,0.0577551020408163,0.533511229409928
0.0332529375386518,0.0577551020408163,0.529108399665184
0.033836322407751,0.0577551020408163,0.524818119193285
0.0344197072768501,0.0577551020408163,0.520639475387386
0.0350030921459493,0.0577551020408163,0.516571579387432
0.0355864770150484,0.0577551020408163,0.51261356589108
0.0361698618841476,0.0577551020408163,0.508764592969643
0.0367532467532468,0.0577551020408163,0.505023841888995
0.0373366316223459,0.0577551020408163,0.501390516935412
0.0379200164914451,0.0577551020408163,0.497863845246319
0.0385034013605442,0.0577551020408163,0.494443076645881
0.0390867862296434,0.0577551020408163,0.491127483485438
0.0396701710987425,0.0577551020408163,0.48791636048872
0.0402535559678417,0.0577551020408163,0.484809024601821
0.0408369408369408,0.0577551020408163,0.481804814847907
0.04142032570604,0.0577551020408163,0.478903092186617
0.0420037105751392,0.0577551020408163,0.476103239378127
0.0425870954442383,0.0577551020408163,0.473404660851855
0.0431704803133375,0.0577551020408163,0.470806782579773
0.0437538651824366,0.0577551020408163,0.468309051954305
0.0443372500515358,0.0577551020408163,0.465910937670776
0.0449206349206349,0.0577551020408163,0.4636119296144
0.0455040197897341,0.0577551020408163,0.461411538751767
0.0460874046588332,0.0577551020408163,0.459309297026819
0.0466707895279324,0.0577551020408163,0.457304757261287
0.0472541743970315,0.0577551020408163,0.455397493059575
0.0478375592661307,0.0577551020408163,0.453587098718049
0.0484209441352299,0.0577551020408163,0.451873189138749
0.049004329004329,0.0577551020408163,0.450255399747463
0.0495877138734282,0.0577551020408163,0.448733386416183
0.0501710987425273,0.0577551020408163,0.447306825389903
0.0507544836116265,0.0577551020408163,0.445975413217748
0.0513378684807256,0.0577551020408163,0.44473886668843
0.0519212533498248,0.0577551020408163,0.443596922770002
0.0525046382189239,0.0577551020408163,0.442549338553906
0.0530880230880231,0.0577551020408163,0.441595891203307
0.0536714079571222,0.0577551020408163,0.440736377905689
0.0542547928262214,0.0577551020408163,0.439970615829713
0.0548381776953206,0.0577551020408163,0.439298442086328
0.0554215625644197,0.0577551020408163,0.438719713694123
0.0560049474335189,0.0577551020408163,0.438234307548911
0.056588332302618,0.0577551020408163,0.437842120397541
0.0571717171717172,0.0577551020408163,0.437543068815939
0.0577551020408163,0.0577551020408163,0.43733708919136
0,0.0589795918367347,1
0.00059575345289631,0.0589795918367347,0.986630646695635
0.00119150690579262,0.0589795918367347,0.973480158122471
0.00178726035868893,0.0589795918367347,0.960545617101563
0.00238301381158524,0.0589795918367347,0.947824154357716
0.00297876726448155,0.0589795918367347,0.935312947882982
0.00357452071737786,0.0589795918367347,0.923009222310664
0.00417027417027417,0.0589795918367347,0.910910248299644
0.00476602762317048,0.0589795918367347,0.899013341928941
0.00536178107606679,0.0589795918367347,0.887315864102329
0.0059575345289631,0.0589795918367347,0.875815219962909
0.00655328798185941,0.0589795918367347,0.86450885831749
0.00714904143475572,0.0589795918367347,0.853394271070657
0.00774479488765203,0.0589795918367347,0.842468992668396
0.00834054834054834,0.0589795918367347,0.831730599551162
0.00893630179344465,0.0589795918367347,0.82117670961626
0.00953205524634096,0.0589795918367347,0.81080498168942
0.0101278086992373,0.0589795918367347,0.800613115005456
0.0107235621521336,0.0589795918367347,0.790598848697881
0.0113193156050299,0.0589795918367347,0.780759961297384
0.0119150690579262,0.0589795918367347,0.771094270239038
0.0125108225108225,0.0589795918367347,0.761599631378138
0.0131065759637188,0.0589795918367347,0.75227393851457
0.0137023294166151,0.0589795918367347,0.743115122925585
0.0142980828695114,0.0589795918367347,0.734121152906901
0.0148938363224078,0.0589795918367347,0.725290033322001
0.0154895897753041,0.0589795918367347,0.716619805159556
0.0160853432282004,0.0589795918367347,0.708108545098856
0.0166810966810967,0.0589795918367347,0.699754365083158
0.017276850133993,0.0589795918367347,0.691555411900859
0.0178726035868893,0.0589795918367347,0.683509866774393
0.0184683570397856,0.0589795918367347,0.675615944956777
0.0190641104926819,0.0589795918367347,0.667871895335693
0.0196598639455782,0.0589795918367347,0.660276000045046
0.0202556173984745,0.0589795918367347,0.652826574083881
0.0208513708513709,0.0589795918367347,0.645521964942602
0.0214471243042672,0.0589795918367347,0.638360552236396
0.0220428777571635,0.0589795918367347,0.631340747345781
0.0226386312100598,0.0589795918367347,0.624460993064203
0.0232343846629561,0.0589795918367347,0.617719763252596
0.0238301381158524,0.0589795918367347,0.611115562500845
0.0244258915687487,0.0589795918367347,0.604646925796053
0.025021645021645,0.0589795918367347,0.598312418197555
0.0256173984745413,0.0589795918367347,0.592110634518613
0.0262131519274376,0.0589795918367347,0.586040199014693
0.026808905380334,0.0589795918367347,0.580099765078289
0.0274046588332303,0.0589795918367347,0.574288014940202
0.0280004122861266,0.0589795918367347,0.56860365937722
0.0285961657390229,0.0589795918367347,0.563045437426128
0.0291919191919192,0.0589795918367347,0.557612116103988
0.0297876726448155,0.0589795918367347,0.552302490134627
0.0303834260977118,0.0589795918367347,0.547115381681267
0.0309791795506081,0.0589795918367347,0.542049640085249
0.0315749330035044,0.0589795918367347,0.53710414161078
0.0321706864564007,0.0589795918367347,0.532277789195654
0.0327664399092971,0.0589795918367347,0.527569512207888
0.0333621933621934,0.0589795918367347,0.522978266208228
0.0339579468150897,0.0589795918367347,0.518503032718459
0.034553700267986,0.0589795918367347,0.51414281899547
0.0351494537208823,0.0589795918367347,0.509896657811042
0.0357452071737786,0.0589795918367347,0.505763607237283
0.0363409606266749,0.0589795918367347,0.501742750437678
0.0369367140795712,0.0589795918367347,0.497833195463709
0.0375324675324675,0.0589795918367347,0.494034075056994
0.0381282209853638,0.0589795918367347,0.490344546456902
0.0387239744382602,0.0589795918367347,0.486763791213603
0.0393197278911565,0.0589795918367347,0.48329101500651
0.0399154813440528,0.0589795918367347,0.479925447468077
0.0405112347969491,0.0589795918367347,0.476666342012904
0.0411069882498454,0.0589795918367347,0.473512975672127
0.0417027417027417,0.0589795918367347,0.470464648933036
0.042298495155638,0.0589795918367347,0.467520685583904
0.0428942486085343,0.0589795918367347,0.464680432563987
0.0434900020614306,0.0589795918367347,0.461943259818645
0.0440857555143269,0.0589795918367347,0.459308560159589
0.0446815089672233,0.0589795918367347,0.456775749130176
0.0452772624201196,0.0589795918367347,0.454344264875771
0.0458730158730159,0.0589795918367347,0.452013568019098
0.0464687693259122,0.0589795918367347,0.4497831415406
0.0470645227788085,0.0589795918367347,0.447652490663744
0.0476602762317048,0.0589795918367347,0.445621142745262
0.0482560296846011,0.0589795918367347,0.44368864717031
0.0488517831374974,0.0589795918367347,0.441854575252503
0.0494475365903937,0.0589795918367347,0.440118520138822
0.05004329004329,0.0589795918367347,0.438480096719362
0.0506390434961864,0.0589795918367347,0.436938941541899
0.0512347969490827,0.0589795918367347,0.43549471273127
0.051830550401979,0.0589795918367347,0.434147089913532
0.0524263038548753,0.0589795918367347,0.432895774144895
0.0530220573077716,0.0589795918367347,0.431740487845404
0.0536178107606679,0.0589795918367347,0.430680974737367
0.0542135642135642,0.0589795918367347,0.429716999788503
0.0548093176664605,0.0589795918367347,0.428848349159804
0.0554050711193568,0.0589795918367347,0.428074830158102
0.0560008245722532,0.0589795918367347,0.427396271193319
0.0565965780251495,0.0589795918367347,0.426812521740407
0.0571923314780458,0.0589795918367347,0.426323452305957
0.0577880849309421,0.0589795918367347,0.42592895439947
0.0583838383838384,0.0589795918367347,0.425628940509293
0.0589795918367347,0.0589795918367347,0.425423344083207
0,0.0602040816326531,1
0.000608122036693465,0.0602040816326531,0.986273524933554
0.00121624407338693,0.0602040816326531,0.972775014377063
0.0018243661100804,0.0602040816326531,0.95950134832247
0.00243248814677386,0.0602040816326531,0.946449458731647
0.00304061018346733,0.0602040816326531,0.933616328827263
0.00364873222016079,0.0602040816326531,0.920998992395486
0.00425685425685426,0.0602040816326531,0.908594533100389
0.00486497629354772,0.0602040816326531,0.896400083809868
0.00547309833024119,0.0602040816326531,0.884412825932949
0.00608122036693465,0.0602040816326531,0.872629988768302
0.00668934240362812,0.0602040816326531,0.861048848863829
0.00729746444032158,0.0602040816326531,0.849666729387173
0.00790558647701505,0.0602040816326531,0.838480999507007
0.00851370851370852,0.0602040816326531,0.827489073784944
0.00912183055040198,0.0602040816326531,0.816688411577949
0.00972995258709545,0.0602040816326531,0.806076516451104
0.0103380746237889,0.0602040816326531,0.795650935600586
0.0109461966604824,0.0602040816326531,0.785409259286735
0.0115543186971758,0.0602040816326531,0.77534912027707
0.0121624407338693,0.0602040816326531,0.765468193299138
0.0127705627705628,0.0602040816326531,0.755764194503054
0.0133786848072562,0.0602040816326531,0.746234880933619
0.0139868068439497,0.0602040816326531,0.73687805001189
0.0145949288806432,0.0602040816326531,0.727691539026082
0.0152030509173366,0.0602040816326531,0.718673224631685
0.0158111729540301,0.0602040816326531,0.709821022360678
0.0164192949907236,0.0602040816326531,0.701132886139734
0.017027417027417,0.0602040816326531,0.692606807817296
0.0176355390641105,0.0602040816326531,0.684240816699414
0.018243661100804,0.0602040816326531,0.676032979094251
0.0188517831374974,0.0602040816326531,0.667981397865131
0.0194599051741909,0.0602040816326531,0.660084211992038
0.0200680272108844,0.0602040816326531,0.652339596141471
0.0206761492475778,0.0602040816326531,0.644745760244536
0.0212842712842713,0.0602040816326531,0.637300949083197
0.0218923933209648,0.0602040816326531,0.630003441884582
0.0225005153576582,0.0602040816326531,0.622851551923243
0.0231086373943517,0.0602040816326531,0.615843626131293
0.0237167594310451,0.0602040816326531,0.608978044716325
0.0243248814677386,0.0602040816326531,0.60225322078701
0.0249330035044321,0.0602040816326531,0.595667599986316
0.0255411255411255,0.0602040816326531,0.589219660132228
0.026149247577819,0.0602040816326531,0.582907910865926
0.0267573696145125,0.0602040816326531,0.576730893307299
0.0273654916512059,0.0602040816326531,0.570687179717748
0.0279736136878994,0.0602040816326531,0.564775373170181
0.0285817357245929,0.0602040816326531,0.558994107226134
0.0291898577612863,0.0602040816326531,0.553342045619929
0.0297979797979798,0.0602040816326531,0.547817881949822
0.0304061018346733,0.0602040816326531,0.54242033937604
0.0310142238713667,0.0602040816326531,0.537148170325656
0.0316223459080602,0.0602040816326531,0.532000156204229
0.0322304679447537,0.0602040816326531,0.526975107114145
0.0328385899814471,0.0602040816326531,0.52207186157958
0.0334467120181406,0.0602040816326531,0.517289286278046
0.0340548340548341,0.0602040816326531,0.512626275778435
0.0346629560915275,0.0602040816326531,0.508081752285515
0.035271078128221,0.0602040816326531,0.503654665390809
0.0358792001649145,0.0602040816326531,0.499343991829807
0.0364873222016079,0.0602040816326531,0.495148735245454
0.0370954442383014,0.0602040816326531,0.491067925957851
0.0377035662749949,0.0602040816326531,0.487100620740129
0.0383116883116883,0.0602040816326531,0.483245902600431
0.0389198103483818,0.0602040816326531,0.479502880569966
0.0395279323850753,0.0602040816326531,0.475870689497067
0.0401360544217687,0.0602040816326531,0.472348489847227
0.0407441764584622,0.0602040816326531,0.46893546750905
0.0413522984951556,0.0602040816326531,0.465630833606076
0.0419604205318491,0.0602040816326531,0.46243382431445
0.0425685425685426,0.0602040816326531,0.459343700686365
0.043176664605236,0.0602040816326531,0.456359748479271
0.0437847866419295,0.0602040816326531,0.453481277990783
0.044392908678623,0.0602040816326531,0.450707623899265
0.0450010307153164,0.0602040816326531,0.448038145110051
0.0456091527520099,0.0602040816326531,0.445472224607265
0.0462172747887034,0.0602040816326531,0.443009269311203
0.0468253968253968,0.0602040816326531,0.440648709941251
0.0474335188620903,0.0602040816326531,0.438390000884305
0.0480416408987838,0.0602040816326531,0.436232620068657
0.0486497629354772,0.0602040816326531,0.434176068843327
0.0492578849721707,0.0602040816326531,0.432219871862804
0.0498660070088642,0.0602040816326531,0.430363576977177
0.0504741290455576,0.0602040816326531,0.428606755127628
0.0510822510822511,0.0602040816326531,0.426949000247257
0.0516903731189446,0.0602040816326531,0.425389929167228
0.052298495155638,0.0602040816326531,0.423929181528202
0.0529066171923315,0.0602040816326531,0.422566419697047
0.053514739229025,0.0602040816326531,0.421301328688797
0.0541228612657184,0.0602040816326531,0.420133616093847
0.0547309833024119,0.0602040816326531,0.419063012010367
0.0553391053391053,0.0602040816326531,0.418089268981917
0.0559472273757988,0.0602040816326531,0.41721216194025
0.0565553494124923,0.0602040816326531,0.416431488153294
0.0571634714491857,0.0602040816326531,0.415747067178287
0.0577715934858792,0.0602040816326531,0.415158740820076
0.0583797155225727,0.0602040816326531,0.414666373094548
0.0589878375592661,0.0602040816326531,0.414269850197202
0.0595959595959596,0.0602040816326531,0.413969080476842
0.0602040816326531,0.0602040816326531,0.413763994414393
0,0.0614285714285714,1
0.00062049062049062,0.0614285714285714,0.985917695894718
0.00124098124098124,0.0614285714285714,0.972072638297888
0.00186147186147186,0.0614285714285714,0.958461495601215
0.00248196248196248,0.0614285714285714,0.945080992484564
0.0031024531024531,0.0614285714285714,0.931927909127803
0.00372294372294372,0.0614285714285714,0.918999080436
0.00434343434343434,0.0614285714285714,0.906291395277793
0.00496392496392496,0.0614285714285714,0.893801795736737
0.00558441558441558,0.0614285714285714,0.881527276375467
0.00620490620490621,0.0614285714285714,0.869464883512479
0.00682539682539683,0.0614285714285714,0.857611714511376
0.00744588744588745,0.0614285714285714,0.845964917082386
0.00806637806637807,0.0614285714285714,0.834521688596003
0.00868686868686869,0.0614285714285714,0.823279275408575
0.00930735930735931,0.0614285714285714,0.812234972199684
0.00992784992784993,0.0614285714285714,0.801386121321144
0.0105483405483405,0.0614285714285714,0.790730112157482
0.0111688311688312,0.0614285714285714,0.780264380497732
0.0117893217893218,0.0614285714285714,0.769986407918393
0.0124098124098124,0.0614285714285714,0.759893721177411
0.013030303030303,0.0614285714285714,0.749983891619026
0.0136507936507937,0.0614285714285714,0.740254534589356
0.0142712842712843,0.0614285714285714,0.73070330886256
0.0148917748917749,0.0614285714285714,0.721327916077463
0.0155122655122655,0.0614285714285714,0.712126100184485
0.0161327561327561,0.0614285714285714,0.703095646902757
0.0167532467532468,0.0614285714285714,0.694234383187288
0.0173737373737374,0.0614285714285714,0.685540176706054
0.017994227994228,0.0614285714285714,0.677010935326881
0.0186147186147186,0.0614285714285714,0.668644606614007
0.0192352092352092,0.0614285714285714,0.660439177334195
0.0198556998556999,0.0614285714285714,0.652392672972273
0.0204761904761905,0.0614285714285714,0.644503157256004
0.0210966810966811,0.0614285714285714,0.636768731690141
0.0217171717171717,0.0614285714285714,0.629187535099592
0.0223376623376623,0.0614285714285714,0.621757743181548
0.022958152958153,0.0614285714285714,0.614477568066496
0.0235786435786436,0.0614285714285714,0.607345257887992
0.0241991341991342,0.0614285714285714,0.600359096361105
0.0248196248196248,0.0614285714285714,0.59351740236941
0.0254401154401154,0.0614285714285714,0.586818529560461
0.0260606060606061,0.0614285714285714,0.580260865949616
0.0266810966810967,0.0614285714285714,0.573842833532136
0.0273015873015873,0.0614285714285714,0.567562887903465
0.0279220779220779,0.0614285714285714,0.561419517887589
0.0285425685425685,0.0614285714285714,0.555411245173394
0.0291630591630592,0.0614285714285714,0.549536623958936
0.0297835497835498,0.0614285714285714,0.543794240603523
0.0304040404040404,0.0614285714285714,0.538182713287552
0.031024531024531,0.0614285714285714,0.532700691679987
0.0316450216450216,0.0614285714285714,0.527346856613425
0.0322655122655123,0.0614285714285714,0.52211991976666
0.0328860028860029,0.0614285714285714,0.517018623354663
0.0335064935064935,0.0614285714285714,0.512041739825918
0.0341269841269841,0.0614285714285714,0.507188071567029
0.0347474747474747,0.0614285714285714,0.502456450614532
0.0353679653679654,0.0614285714285714,0.497845738373841
0.035988455988456,0.0614285714285714,0.493354825345264
0.0366089466089466,0.0614285714285714,0.488982630857015
0.0372294372294372,0.0614285714285714,0.484728102805172
0.0378499278499278,0.0614285714285714,0.480590217400497
0.0384704184704185,0.0614285714285714,0.476567978922081
0.0390909090909091,0.0614285714285714,0.472660419477737
0.0397113997113997,0.0614285714285714,0.46886659877109
0.0403318903318903,0.0614285714285714,0.46518560387531
0.040952380952381,0.0614285714285714,0.461616549013432
0.0415728715728716,0.0614285714285714,0.4581585753452
0.0421933621933622,0.0614285714285714,0.454810850760406
0.0428138528138528,0.0614285714285714,0.451572569678654
0.0434343434343434,0.0614285714285714,0.448442952855506
0.0440548340548341,0.0614285714285714,0.44542124719497
0.0446753246753247,0.0614285714285714,0.442506725568282
0.0452958152958153,0.0614285714285714,0.439698686638928
0.0459163059163059,0.0614285714285714,0.436996454693879
0.0465367965367965,0.0614285714285714,0.434399379480994
0.0471572871572872,0.0614285714285714,0.431906836052541
0.0477777777777778,0.0614285714285714,0.429518224614817
0.0483982683982684,0.0614285714285714,0.427232970383817
0.049018759018759,0.0614285714285714,0.425050523446916
0.0496392496392496,0.0614285714285714,0.422970358630544
0.0502597402597403,0.0614285714285714,0.420991975373811
0.0508802308802309,0.0614285714285714,0.419114897608054
0.0515007215007215,0.0614285714285714,0.417338673642275
0.0521212121212121,0.0614285714285714,0.415662876054455
0.0527417027417027,0.0614285714285714,0.414087101588695
0.0533621933621934,0.0614285714285714,0.41261097105818
0.053982683982684,0.0614285714285714,0.411234129253935
0.0546031746031746,0.0614285714285714,0.409956244859348
0.0552236652236652,0.0614285714285714,0.408777010370444
0.0558441558441558,0.0614285714285714,0.407696142021888
0.0564646464646465,0.0614285714285714,0.406713379718702
0.0570851370851371,0.0614285714285714,0.405828486973675
0.0577056277056277,0.0614285714285714,0.405041250850459
0.0583261183261183,0.0614285714285714,0.404351481912328
0.0589466089466089,0.0614285714285714,0.403759014176589
0.0595670995670996,0.0614285714285714,0.403263705074648
0.0601875901875902,0.0614285714285714,0.402865435417695
0.0608080808080808,0.0614285714285714,0.402564109368031
0.0614285714285714,0.0614285714285714,0.402359654415998
0,0.0626530612244898,1
0.000632859204287776,0.0626530612244898,0.985563203745065
0.00126571840857555,0.0626530612244898,0.971373118061452
0.00189857761286333,0.0626530612244898,0.957426190823704
0.0025314368171511,0.0626530612244898,0.943718930774869
0.00316429602143888,0.0626530612244898,0.930247906652552
0.00379715522572665,0.0626530612244898,0.917009746329988
0.00443001443001443,0.0626530612244898,0.904001135971917
0.00506287363430221,0.0626530612244898,0.891218819205049
0.00569573283858998,0.0626530612244898,0.87865959630291
0.00632859204287776,0.0626530612244898,0.866320323384879
0.00696145124716553,0.0626530612244898,0.854197911629196
0.00759431045145331,0.0626530612244898,0.84228932649975
0.00822716965574108,0.0626530612244898,0.830591586986465
0.00886002886002886,0.0626530612244898,0.819101764859079
0.00949288806431664,0.0626530612244898,0.807816983934136
0.0101257472686044,0.0626530612244898,0.796734419355008
0.0107586064728922,0.0626530612244898,0.785851296884761
0.01139146567718,0.0626530612244898,0.7751648922117
0.0120243248814677,0.0626530612244898,0.764672530267406
0.0126571840857555,0.0626530612244898,0.754371584557099
0.0132900432900433,0.0626530612244898,0.744259476502163
0.0139229024943311,0.0626530612244898,0.734333674794666
0.0145557616986188,0.0626530612244898,0.72459169476371
0.0151886209029066,0.0626530612244898,0.715031097753459
0.0158214801071944,0.0626530612244898,0.705649490512681
0.0164543393114822,0.0626530612244898,0.696444524595663
0.0170871985157699,0.0626530612244898,0.687413895774332
0.0177200577200577,0.0626530612244898,0.678555343461454
0.0183529169243455,0.0626530612244898,0.669866650144756
0.0189857761286333,0.0626530612244898,0.661345640831823
0.019618635332921,0.0626530612244898,0.652990182505646
0.0202514945372088,0.0626530612244898,0.644798183590679
0.0208843537414966,0.0626530612244898,0.636767593429262
0.0215172129457844,0.0626530612244898,0.628896401768293
0.0221500721500722,0.0626530612244898,0.621182638256015
0.0227829313543599,0.0626530612244898,0.613624371948784
0.0234157905586477,0.0626530612244898,0.60621971082771
0.0240486497629355,0.0626530612244898,0.598966801325037
0.0246815089672233,0.0626530612244898,0.591863827860151
0.025314368171511,0.0626530612244898,0.584909012385094
0.0259472273757988,0.0626530612244898,0.578100613939477
0.0265800865800866,0.0626530612244898,0.571436928214672
0.0272129457843744,0.0626530612244898,0.564916287127186
0.0278458049886621,0.0626530612244898,0.558537058401096
0.0284786641929499,0.0626530612244898,0.552297645159451
0.0291115233972377,0.0626530612244898,0.546196485524535
0.0297443826015255,0.0626530612244898,0.540232052226891
0.0303772418058132,0.0626530612244898,0.534402852223007
0.031010101010101,0.0626530612244898,0.528707426321573
0.0316429602143888,0.0626530612244898,0.523144348818206
0.0322758194186766,0.0626530612244898,0.517712227138566
0.0329086786229643,0.0626530612244898,0.512409701489757
0.0335415378272521,0.0626530612244898,0.507235444519937
0.0341743970315399,0.0626530612244898,0.502188160986055
0.0348072562358277,0.0626530612244898,0.497266587429612
0.0354401154401154,0.0626530612244898,0.492469491860393
0.0360729746444032,0.0626530612244898,0.487795673448067
0.036705833848691,0.0626530612244898,0.483243962221589
0.0373386930529788,0.0626530612244898,0.478813218776329
0.0379715522572665,0.0626530612244898,0.474502333988853
0.0386044114615543,0.0626530612244898,0.470310228739276
0.0392372706658421,0.0626530612244898,0.46623585364114
0.0398701298701299,0.0626530612244898,0.462278188778721
0.0405029890744176,0.0626530612244898,0.45843624345172
0.0411358482787054,0.0626530612244898,0.454709055927271
0.0417687074829932,0.0626530612244898,0.451095693199188
0.042401566687281,0.0626530612244898,0.447595250754419
0.0430344258915688,0.0626530612244898,0.444206852346618
0.0436672850958565,0.0626530612244898,0.440929649776803
0.0443001443001443,0.0626530612244898,0.437762822681026
0.0449330035044321,0.0626530612244898,0.434705578325025
0.0455658627087199,0.0626530612244898,0.431757151405772
0.0461987219130076,0.0626530612244898,0.428916803859908
0.0468315811172954,0.0626530612244898,0.426183824678983
0.0474644403215832,0.0626530612244898,0.423557529731474
0.048097299525871,0.0626530612244898,0.421037261591532
0.0487301587301587,0.0626530612244898,0.418622389374408
0.0493630179344465,0.0626530612244898,0.416312308578534
0.0499958771387343,0.0626530612244898,0.414106440934193
0.0506287363430221,0.0626530612244898,0.412004234258771
0.0512615955473098,0.0626530612244898,0.410005162318529
0.0518944547515976,0.0626530612244898,0.408108724696873
0.0525273139558854,0.0626530612244898,0.406314446669092
0.0531601731601732,0.0626530612244898,0.404621879083516
0.0537930323644609,0.0626530612244898,0.403030598249087
0.0544258915687487,0.0626530612244898,0.4015402058293
0.0550587507730365,0.0626530612244898,0.400150328742485
0.0556916099773243,0.0626530612244898,0.398860619068417
0.056324469181612,0.0626530612244898,0.397670753961227
0.0569573283858998,0.0626530612244898,0.396580435568581
0.0575901875901876,0.0626530612244898,0.395589390957121
0.0582230467944754,0.0626530612244898,0.394697372044147
0.0588559059987631,0.0626530612244898,0.39390415553551
0.0594887652030509,0.0626530612244898,0.393209542869721
0.0601216244073387,0.0626530612244898,0.392613360168242
0.0607544836116265,0.0626530612244898,0.392115458191965
0.0613873428159142,0.0626530612244898,0.391715712303849
0.062020202020202,0.0626530612244898,0.391414022437722
0.0626530612244898,0.0626530612244898,0.391210313073233
0,0.0638775510204082,1
0.000645227788084931,0.0638775510204082,0.985210083560145
0.00129045557616986,0.0638775510204082,0.970676523664366
0.00193568336425479,0.0638775510204082,0.956395538608383
0.00258091115233972,0.0638775510204082,0.942363412409142
0.00322613894042465,0.0638775510204082,0.928576493837898
0.00387136672850959,0.0638775510204082,0.915031195470142
0.00451659451659452,0.0638775510204082,0.901723992752142
0.00516182230467945,0.0638775510204082,0.888651423083832
0.00580705009276438,0.0638775510204082,0.875810084917829
0.00645227788084931,0.0638775510204082,0.863196636874329
0.00709750566893424,0.0638775510204082,0.850807796871672
0.00774273345701917,0.0638775510204082,0.838640341272318
0.0083879612451041,0.0638775510204082,0.826691104044048
0.00903318903318903,0.0638775510204082,0.814956975936144
0.00967841682127396,0.0638775510204082,0.803434903670346
0.0103236446093589,0.0638775510204082,0.792121889146374
0.0109688723974438,0.0638775510204082,0.78101498866181
0.0116141001855288,0.0638775510204082,0.770111312146128
0.0122593279736137,0.0638775510204082,0.759408022408686
0.0129045557616986,0.0638775510204082,0.748902334400475
0.0135497835497835,0.0638775510204082,0.738591514489434
0.0141950113378685,0.0638775510204082,0.728472879749148
0.0148402391259534,0.0638775510204082,0.718543797260731
0.0154854669140383,0.0638775510204082,0.708801683427738
0.0161306947021233,0.0638775510204082,0.699244003303889
0.0167759224902082,0.0638775510204082,0.689868269933472
0.0174211502782931,0.0638775510204082,0.680672043704219
0.0180663780663781,0.0638775510204082,0.671652931712513
0.018711605854463,0.0638775510204082,0.662808587140735
0.0193568336425479,0.0638775510204082,0.654136708646617
0.0200020614306329,0.0638775510204082,0.645635039764417
0.0206472892187178,0.0638775510204082,0.637301368317779
0.0212925170068027,0.0638775510204082,0.629133525844111
0.0219377447948877,0.0638775510204082,0.62112938703034
0.0225829725829726,0.0638775510204082,0.613286869159898
0.0232282003710575,0.0638775510204082,0.605603931570787
0.0238734281591424,0.0638775510204082,0.598078575124587
0.0245186559472274,0.0638775510204082,0.590708841686274
0.0251638837353123,0.0638775510204082,0.583492813614701
0.0258091115233972,0.0638775510204082,0.576428613263617
0.0264543393114822,0.0638775510204082,0.569514402493099
0.0270995670995671,0.0638775510204082,0.562748382191253
0.027744794887652,0.0638775510204082,0.556128791806082
0.028390022675737,0.0638775510204082,0.549653908887375
0.0290352504638219,0.0638775510204082,0.543322048638525
0.0296804782519068,0.0638775510204082,0.537131563478127
0.0303257060399918,0.0638775510204082,0.531080842611279
0.0309709338280767,0.0638775510204082,0.525168311610439
0.0316161616161616,0.0638775510204082,0.51939243200575
0.0322613894042465,0.0638775510204082,0.51375170088473
0.0329066171923315,0.0638775510204082,0.508244650501198
0.0335518449804164,0.0638775510204082,0.502869847893365
0.0341970727685013,0.0638775510204082,0.497625894510967
0.0348423005565863,0.0638775510204082,0.492511425851359
0.0354875283446712,0.0638775510204082,0.487525111104459
0.0361327561327561,0.0638775510204082,0.482665652806471
0.0367779839208411,0.0638775510204082,0.477931786502274
0.037423211708926,0.0638775510204082,0.473322280416406
0.0380684394970109,0.0638775510204082,0.468835935132549
0.0387136672850959,0.0638775510204082,0.464471583281436
0.0393588950731808,0.0638775510204082,0.460228089237099
0.0400041228612657,0.0638775510204082,0.456104348821364
0.0406493506493506,0.0638775510204082,0.452099289016549
0.0412945784374356,0.0638775510204082,0.448211867686254
0.0419398062255205,0.0638775510204082,0.44444107330419
0.0425850340136054,0.0638775510204082,0.440785924690982
0.0432302618016904,0.0638775510204082,0.437245470758853
0.0438754895897753,0.0638775510204082,0.433818790264154
0.0445207173778602,0.0638775510204082,0.430504991567643
0.0451659451659452,0.0638775510204082,0.427303212402486
0.0458111729540301,0.0638775510204082,0.424212619649884
0.046456400742115,0.0638775510204082,0.421232409122292
0.0471016285302,0.0638775510204082,0.418361805354169
0.0477468563182849,0.0638775510204082,0.415600061400194
0.0483920841063698,0.0638775510204082,0.41294645864091
0.0490373118944548,0.0638775510204082,0.410400306595734
0.0496825396825397,0.0638775510204082,0.407960942743292
0.0503277674706246,0.0638775510204082,0.405627732349025
0.0509729952587095,0.0638775510204082,0.40340006830003
0.0516182230467945,0.0638775510204082,0.401277370947089
0.0522634508348794,0.0638775510204082,0.399259087953833
0.0529086786229643,0.0638775510204082,0.397344694153031
0.0535539064110493,0.0638775510204082,0.395533691409932
0.0541991341991342,0.0638775510204082,0.393825608492653
0.0548443619872191,0.0638775510204082,0.392220000949556
0.0554895897753041,0.0638775510204082,0.390716450993605
0.056134817563389,0.0638775510204082,0.389314567393654
0.0567800453514739,0.0638775510204082,0.388013985372645
0.0574252731395589,0.0638775510204082,0.386814366512695
0.0580705009276438,0.0638775510204082,0.385715398667034
0.0587157287157287,0.0638775510204082,0.384716795878784
0.0593609565038136,0.0638775510204082,0.383818298306552
0.0600061842918986,0.0638775510204082,0.383019672156821
0.0606514120799835,0.0638775510204082,0.38232070962311
0.0612966398680684,0.0638775510204082,0.381721228831904
0.0619418676561534,0.0638775510204082,0.381221073795334
0.0625870954442383,0.0638775510204082,0.380820114370579
0.0632323232323232,0.0638775510204082,0.380518246226013
0.0638775510204082,0.0638775510204082,0.380315390814048
0,0.0651020408163265,1
0.000657596371882086,0.0651020408163265,0.984858362147293
0.00131519274376417,0.0651020408163265,0.969982908567533
0.00197278911564626,0.0651020408163265,0.955369618772144
0.00263038548752834,0.0651020408163265,0.94101454312931
0.00328798185941043,0.0651020408163265,0.926913801796489
0.00394557823129252,0.0651020408163265,0.913063583671775
0.0046031746031746,0.0651020408163265,0.899460145363851
0.00526077097505669,0.0651020408163265,0.886099810180235
0.00591836734693878,0.0651020408163265,0.872978967133557
0.00657596371882086,0.0651020408163265,0.860094069965593
0.00723356009070295,0.0651020408163265,0.847441636188793
0.00789115646258503,0.0651020408163265,0.835018246145046
0.00854875283446712,0.0651020408163265,0.822820542081426
0.00920634920634921,0.0651020408163265,0.810845227242673
0.00986394557823129,0.0651020408163265,0.79908906498015
0.0105215419501134,0.0651020408163265,0.787548877877059
0.0111791383219955,0.0651020408163265,0.776221546889655
0.0118367346938776,0.0651020408163265,0.765104010504242
0.0124943310657596,0.0651020408163265,0.754193263909721
0.0131519274376417,0.0651020408163265,0.743486358185453
0.0138095238095238,0.0651020408163265,0.732980399504239
0.0144671201814059,0.0651020408163265,0.722672548350184
0.015124716553288,0.0651020408163265,0.712560018751243
0.0157823129251701,0.0651020408163265,0.702640077526238
0.0164399092970522,0.0651020408163265,0.692910043546141
0.0170975056689342,0.0651020408163265,0.68336728700943
0.0177551020408163,0.0651020408163265,0.674009228731312
0.0184126984126984,0.0651020408163265,0.66483333944663
0.0190702947845805,0.0651020408163265,0.655837139126264
0.0197278911564626,0.0651020408163265,0.647018196306834
0.0203854875283447,0.0651020408163265,0.638374127433535
0.0210430839002268,0.0651020408163265,0.629902596215913
0.0217006802721088,0.0651020408163265,0.621601312996426
0.0223582766439909,0.0651020408163265,0.613468034131599
0.023015873015873,0.0651020408163265,0.605500561385619
0.0236734693877551,0.0651020408163265,0.597696741336206
0.0243310657596372,0.0651020408163265,0.590054464792591
0.0249886621315193,0.0651020408163265,0.582571666225452
0.0256462585034014,0.0651020408163265,0.575246323208648
0.0263038548752834,0.0651020408163265,0.568076455872606
0.0269614512471655,0.0651020408163265,0.561060126369209
0.0276190476190476,0.0651020408163265,0.554195438348036
0.0282766439909297,0.0651020408163265,0.547480536443829
0.0289342403628118,0.0651020408163265,0.540913605775028
0.0295918367346939,0.0651020408163265,0.53449287145325
0.030249433106576,0.0651020408163265,0.528216598103579
0.0309070294784581,0.0651020408163265,0.522083089395535
0.0315646258503401,0.0651020408163265,0.516090687584595
0.0322222222222222,0.0651020408163265,0.510237773064142
0.0328798185941043,0.0651020408163265,0.504522763927725
0.0335374149659864,0.0651020408163265,0.498944115541508
0.0341950113378685,0.0651020408163265,0.493500320126785
0.0348526077097506,0.0651020408163265,0.488189906352469
0.0355102040816327,0.0651020408163265,0.483011438937425
0.0361678004535147,0.0651020408163265,0.477963518262542
0.0368253968253968,0.0651020408163265,0.473044779992454
0.0374829931972789,0.0651020408163265,0.468253894706789
0.038140589569161,0.0651020408163265,0.463589567540857
0.0387981859410431,0.0651020408163265,0.459050537835683
0.0394557823129252,0.0651020408163265,0.454635578797272
0.0401133786848073,0.0651020408163265,0.450343497165045
0.0407709750566893,0.0651020408163265,0.44617313288932
0.0414285714285714,0.0651020408163265,0.442123358817782
0.0420861678004535,0.0651020408163265,0.43819308039084
0.0427437641723356,0.0651020408163265,0.434381235345791
0.0434013605442177,0.0651020408163265,0.430686793429717
0.0440589569160998,0.0651020408163265,0.427108756121029
0.0447165532879819,0.0651020408163265,0.423646156359594
0.045374149659864,0.0651020408163265,0.420298058285358
0.046031746031746,0.0651020408163265,0.417063556985405
0.0466893424036281,0.0651020408163265,0.413941778249383
0.0473469387755102,0.0651020408163265,0.41093187833322
0.0480045351473923,0.0651020408163265,0.408033043731086
0.0486621315192744,0.0651020408163265,0.405244490955515
0.0493197278911565,0.0651020408163265,0.402565466325653
0.0499773242630386,0.0651020408163265,0.399995245763549
0.0506349206349206,0.0651020408163265,0.397533134598459
0.0512925170068027,0.0651020408163265,0.395178467379091
0.0519501133786848,0.0651020408163265,0.392930607693747
0.0526077097505669,0.0651020408163265,0.390788947998319
0.053265306122449,0.0651020408163265,0.388752909452079
0.0539229024943311,0.0651020408163265,0.38682194176124
0.0545804988662132,0.0651020408163265,0.384995523030217
0.0552380952380952,0.0651020408163265,0.383273159620572
0.0558956916099773,0.0651020408163265,0.3816543860176
0.0565532879818594,0.0651020408163265,0.380138764704504
0.0572108843537415,0.0651020408163265,0.378725886044149
0.0578684807256236,0.0651020408163265,0.377415368168348
0.0585260770975057,0.0651020408163265,0.376206856874647
0.0591836734693878,0.0651020408163265,0.375100025530596
0.0598412698412698,0.0651020408163265,0.374094574985466
0.0604988662131519,0.0651020408163265,0.373190233489397
0.061156462585034,0.0651020408163265,0.372386756619948
0.0618140589569161,0.0651020408163265,0.37168392721604
0.0624716553287982,0.0651020408163265,0.371081555319257
0.0631292517006803,0.0651020408163265,0.370579478122508
0.0637868480725624,0.0651020408163265,0.370177559926021
0.0644444444444445,0.0651020408163265,0.369875692100672
0.0651020408163265,0.0651020408163265,0.369673793058619
0,0.0663265306122449,1
0.000669964955679241,0.0663265306122449,0.984508058819414
0.00133992991135848,0.0663265306122449,0.969292311243598
0.00200989486703772,0.0663265306122449,0.954348488651148
0.00267985982271697,0.0663265306122449,0.939672398706416
0.00334982477839621,0.0663265306122449,0.925259924183393
0.00401978973407545,0.0663265306122449,0.911107021810664
0.00468975468975469,0.0663265306122449,0.89720972113711
0.00535971964543393,0.0663265306122449,0.883564123418037
0.00602968460111317,0.0663265306122449,0.870166400521426
0.00669964955679241,0.0663265306122449,0.857012793853989
0.00736961451247166,0.0663265306122449,0.844099613306732
0.0080395794681509,0.0663265306122449,0.831423236219737
0.00870954442383014,0.0663265306122449,0.818980106365859
0.00937950937950938,0.0663265306122449,0.806766732953065
0.0100494743351886,0.0663265306122449,0.794779689645125
0.0107194392908679,0.0663265306122449,0.783015613600394
0.0113894042465471,0.0663265306122449,0.771471204528395
0.0120593692022263,0.0663265306122449,0.760143223763961
0.0127293341579056,0.0663265306122449,0.749028493358661
0.0133992991135848,0.0663265306122449,0.738123895189255
0.0140692640692641,0.0663265306122449,0.727426370082942
0.0147392290249433,0.0663265306122449,0.716932916959138
0.0154091939806226,0.0663265306122449,0.706640591987549
0.0160791589363018,0.0663265306122449,0.696546507762322
0.016749123891981,0.0663265306122449,0.686647832491999
0.0174190888476603,0.0663265306122449,0.676941789205096
0.0180890538033395,0.0663265306122449,0.667425654971049
0.0187590187590188,0.0663265306122449,0.658096760136326
0.019428983714698,0.0663265306122449,0.64895248757548
0.0200989486703772,0.0663265306122449,0.639990271956944
0.0207689136260565,0.0663265306122449,0.631207599023352
0.0214388785817357,0.0663265306122449,0.622602004886191
0.022108843537415,0.0663265306122449,0.614171075334582
0.0227788084930942,0.0663265306122449,0.605912445157999
0.0234487734487735,0.0663265306122449,0.597823797482732
0.0241187384044527,0.0663265306122449,0.58990286312191
0.0247887033601319,0.0663265306122449,0.582147419938912
0.0254586683158112,0.0663265306122449,0.574555292223959
0.0261286332714904,0.0663265306122449,0.567124350083748
0.0267985982271697,0.0663265306122449,0.55985250884393
0.0274685631828489,0.0663265306122449,0.552737728464277
0.0281385281385281,0.0663265306122449,0.545778012966368
0.0288084930942074,0.0663265306122449,0.53897140987364
0.0294784580498866,0.0663265306122449,0.532316009663638
0.0301484230055659,0.0663265306122449,0.525809945232321
0.0308183879612451,0.0663265306122449,0.519451391370265
0.0314883529169243,0.0663265306122449,0.513238564250616
0.0321583178726036,0.0663265306122449,0.507169720928659
0.0328282828282828,0.0663265306122449,0.501243158852852
0.0334982477839621,0.0663265306122449,0.495457215387192
0.0341682127396413,0.0663265306122449,0.489810267344781
0.0348381776953206,0.0663265306122449,0.484300730532455
0.0355081426509998,0.0663265306122449,0.478927059306357
0.036178107606679,0.0663265306122449,0.473687746138325
0.0368480725623583,0.0663265306122449,0.468581321192963
0.0375180375180375,0.0663265306122449,0.463606351915301
0.0381880024737168,0.0663265306122449,0.458761442628903
0.038857967429396,0.0663265306122449,0.454045234144327
0.0395279323850752,0.0663265306122449,0.449456403377813
0.0401978973407545,0.0663265306122449,0.444993662980112
0.0408678622964337,0.0663265306122449,0.44065576097533
0.041537827252113,0.0663265306122449,0.436441480409698
0.0422077922077922,0.0663265306122449,0.432349639010171
0.0428777571634715,0.0663265306122449,0.428379088852752
0.0435477221191507,0.0663265306122449,0.424528716040453
0.0442176870748299,0.0663265306122449,0.420797440390805
0.0448876520305092,0.0663265306122449,0.41718421513282
0.0455576169861884,0.0663265306122449,0.413688026613334
0.0462275819418677,0.0663265306122449,0.410307894012637
0.0468975468975469,0.0663265306122449,0.40704286906931
0.0475675118532261,0.0663265306122449,0.403892035814204
0.0482374768089054,0.0663265306122449,0.400854510313474
0.0489074417645846,0.0663265306122449,0.397929440420598
0.0495774067202639,0.0663265306122449,0.395116005537318
0.0502473716759431,0.0663265306122449,0.39241341638343
0.0509173366316224,0.0663265306122449,0.389820914775357
0.0515873015873016,0.0663265306122449,0.387337773413452
0.0522572665429808,0.0663265306122449,0.384963295677959
0.0529272314986601,0.0663265306122449,0.382696815433583
0.0535971964543393,0.0663265306122449,0.380537696842616
0.0542671614100186,0.0663265306122449,0.378485334186554
0.0549371263656978,0.0663265306122449,0.376539151696176
0.055607091321377,0.0663265306122449,0.37469860339001
0.0562770562770563,0.0663265306122449,0.372963172921169
0.0569470212327355,0.0663265306122449,0.371332373432495
0.0576169861884148,0.0663265306122449,0.369805747419971
0.058286951144094,0.0663265306122449,0.368382866604381
0.0589569160997733,0.0663265306122449,0.367063331811154
0.0596268810554525,0.0663265306122449,0.365846772858382
0.0602968460111317,0.0663265306122449,0.36473284845297
0.060966810966811,0.0663265306122449,0.363721246094889
0.0616367759224902,0.0663265306122449,0.362811681989507
0.0623067408781695,0.0663265306122449,0.362003900967975
0.0629767058338487,0.0663265306122449,0.361297676415639
0.0636466707895279,0.0663265306122449,0.360692810208469
0.0643166357452072,0.0663265306122449,0.360189132657475
0.0649866007008864,0.0663265306122449,0.359786502461103
0.0656565656565657,0.0663265306122449,0.359484806665594
0.0663265306122449,0.0663265306122449,0.359283960633299
0,0.0675510204081633,1
0.000682333539476397,0.0675510204081633,0.984159186120869
0.00136466707895279,0.0675510204081633,0.968604756628567
0.00204700061842919,0.0675510204081633,0.953332185277933
0.00272933415790559,0.0675510204081633,0.938337027842828
0.00341166769738198,0.0675510204081633,0.923614920822888
0.00409400123685838,0.0675510204081633,0.909161580173769
0.00477633477633478,0.0675510204081633,0.894972800060526
0.00545866831581117,0.0675510204081633,0.881044451633729
0.00614100185528757,0.0675510204081633,0.867372481828002
0.00682333539476397,0.0675510204081633,0.853952912182598
0.00750566893424036,0.0675510204081633,0.840781837683695
0.00818800247371676,0.0675510204081633,0.827855425628062
0.00887033601319316,0.0675510204081633,0.81516991450776
0.00955266955266955,0.0675510204081633,0.80272161291557
0.010235003092146,0.0675510204081633,0.790506898470816
0.0109173366316223,0.0675510204081633,0.778522216765273
0.0115996701710987,0.0675510204081633,0.766764080328854
0.0122820037105751,0.0675510204081633,0.755229067614781
0.0129643372500515,0.0675510204081633,0.74391382200393
0.0136466707895279,0.0675510204081633,0.732815050828082
0.0143290043290043,0.0675510204081633,0.72192952441177
0.0150113378684807,0.0675510204081633,0.711254075132469
0.0156936714079571,0.0675510204081633,0.70078559649883
0.0163760049474335,0.0675510204081633,0.690521042246716
0.0170583384869099,0.0675510204081633,0.680457425452754
0.0177406720263863,0.0675510204081633,0.67059181766516
0.0184230055658627,0.0675510204081633,0.660921348051576
0.0191053391053391,0.0675510204081633,0.651443202563674
0.0197876726448155,0.0675510204081633,0.64215462311829
0.0204700061842919,0.0675510204081633,0.633052906794832
0.0211523397237683,0.0675510204081633,0.624135405048751
0.0218346732632447,0.0675510204081633,0.615399522940828
0.0225170068027211,0.0675510204081633,0.606842718382063
0.0231993403421975,0.0675510204081633,0.598462501393943
0.0238816738816739,0.0675510204081633,0.590256433383874
0.0245640074211503,0.0675510204081633,0.582222126435562
0.0252463409606267,0.0675510204081633,0.574357242614147
0.0259286745001031,0.0675510204081633,0.566659493285878
0.0266110080395795,0.0675510204081633,0.559126638452132
0.0272933415790559,0.0675510204081633,0.551756486097589
0.0279756751185323,0.0675510204081633,0.54454689155237
0.0286580086580087,0.0675510204081633,0.53749575686795
0.0293403421974851,0.0675510204081633,0.530601030206668
0.0300226757369615,0.0675510204081633,0.523860705244653
0.0307050092764379,0.0675510204081633,0.517272820587998
0.0313873428159142,0.0675510204081633,0.510835459202005
0.0320696763553906,0.0675510204081633,0.504546747853341
0.032752009894867,0.0675510204081633,0.498404856564935
0.0334343434343434,0.0675510204081633,0.49240799808347
0.0341166769738198,0.0675510204081633,0.486554427359301
0.0347990105132962,0.0675510204081633,0.480842441038654
0.0354813440527726,0.0675510204081633,0.475270376967964
0.036163677592249,0.0675510204081633,0.469836613710197
0.0368460111317254,0.0675510204081633,0.46453957007302
0.0375283446712018,0.0675510204081633,0.459377704648687
0.0382106782106782,0.0675510204081633,0.454349515365494
0.0388930117501546,0.0675510204081633,0.44945353905069
0.039575345289631,0.0675510204081633,0.444688351004699
0.0402576788291074,0.0675510204081633,0.440052564586542
0.0409400123685838,0.0675510204081633,0.435544830810334
0.0416223459080602,0.0675510204081633,0.431163837952737
0.0423046794475366,0.0675510204081633,0.426908311171255
0.042987012987013,0.0675510204081633,0.422777012133263
0.0436693465264894,0.0675510204081633,0.418768738655661
0.0443516800659658,0.0675510204081633,0.414882324355044
0.0450340136054422,0.0675510204081633,0.411116638308293
0.0457163471449186,0.0675510204081633,0.407470584723482
0.046398680684395,0.0675510204081633,0.403943102621011
0.0470810142238714,0.0675510204081633,0.400533165524865
0.0477633477633478,0.0675510204081633,0.397239781163919
0.0484456813028242,0.0675510204081633,0.394061991183187
0.0491280148423006,0.0675510204081633,0.390998870864954
0.049810348381777,0.0675510204081633,0.388049528859684
0.0504926819212533,0.0675510204081633,0.385213106926643
0.0511750154607297,0.0675510204081633,0.382488779684157
0.0518573490002062,0.0675510204081633,0.379875754369432
0.0525396825396825,0.0675510204081633,0.377373270607863
0.0532220160791589,0.0675510204081633,0.37498060019177
0.0539043496186353,0.0675510204081633,0.372697046868493
0.0545866831581117,0.0675510204081633,0.37052194613779
0.0552690166975881,0.0675510204081633,0.368454665058469
0.0559513502370645,0.0675510204081633,0.366494602064205
0.0566336837765409,0.0675510204081633,0.364641186788489
0.0573160173160173,0.0675510204081633,0.362893879898656
0.0579983508554937,0.0675510204081633,0.36125217293894
0.0586806843949701,0.0675510204081633,0.359715588182518
0.0593630179344465,0.0675510204081633,0.358283678492496
0.0600453514739229,0.0675510204081633,0.35695602719179
0.0607276850133993,0.0675510204081633,0.35573224794188
0.0614100185528757,0.0675510204081633,0.354611984630386
0.0620923520923521,0.0675510204081633,0.353594911267442
0.0627746856318285,0.0675510204081633,0.352680731890834
0.0634570191713049,0.0675510204081633,0.351869180479877
0.0641393527107813,0.0675510204081633,0.351160020878006
0.0648216862502577,0.0675510204081633,0.350553046724055
0.0655040197897341,0.0675510204081633,0.350048081392206
0.0661863533292105,0.0675510204081633,0.349644977940593
0.0668686868686869,0.0675510204081633,0.349343619068544
0.0675510204081633,0.0675510204081633,0.349143917082444
0,0.0687755102040816,1
0.000694702123273552,0.0687755102040816,0.983811750506274
0.0013894042465471,0.0687755102040816,0.967920257479301
0.00208410636982066,0.0687755102040816,0.952320727417357
0.00277880849309421,0.0687755102040816,0.937008454886275
0.00347351061636776,0.0687755102040816,0.921978821100102
0.00416821273964131,0.0687755102040816,0.907227292527889
0.00486291486291486,0.0687755102040816,0.892749419526199
0.00555761698618842,0.0687755102040816,0.87854083499692
0.00625231910946197,0.0687755102040816,0.864597253069976
0.00694702123273552,0.0687755102040816,0.850914467810538
0.00764172335600907,0.0687755102040816,0.837488351950348
0.00833642547928262,0.0687755102040816,0.824314855642775
0.00903112760255617,0.0687755102040816,0.811390005241217
0.00972582972582973,0.0687755102040816,0.798709902100493
0.0104205318491033,0.0687755102040816,0.786270721400863
0.0111152339723768,0.0687755102040816,0.774068710994303
0.0118099360956504,0.0687755102040816,0.762100190272716
0.0125046382189239,0.0687755102040816,0.750361549057713
0.0131993403421975,0.0687755102040816,0.738849246511637
0.013894042465471,0.0687755102040816,0.727559810069514
0.0145887445887446,0.0687755102040816,0.716489834391583
0.0152834467120181,0.0687755102040816,0.705635980336116
0.0159781488352917,0.0687755102040816,0.694994973952198
0.0166728509585652,0.0687755102040816,0.684563605492177
0.0173675530818388,0.0687755102040816,0.674338728443474
0.0180622552051123,0.0687755102040816,0.664317258579473
0.0187569573283859,0.0687755102040816,0.654496173029196
0.0194516594516595,0.0687755102040816,0.644872509365486
0.020146361574933,0.0687755102040816,0.63544336471142
0.0208410636982066,0.0687755102040816,0.626205894864691
0.0215357658214801,0.0687755102040816,0.617157313439679
0.0222304679447537,0.0687755102040816,0.60829489102697
0.0229251700680272,0.0687755102040816,0.59961595437006
0.0236198721913008,0.0687755102040816,0.591117885558991
0.0243145743145743,0.0687755102040816,0.582798121240689
0.0250092764378479,0.0687755102040816,0.574654151845757
0.0257039785611214,0.0687755102040816,0.566683520831484
0.026398680684395,0.0687755102040816,0.55888382394086
0.0270933828076685,0.0687755102040816,0.551252708477357
0.0277880849309421,0.0687755102040816,0.543787872595259
0.0284827870542156,0.0687755102040816,0.536487064605338
0.0291774891774892,0.0687755102040816,0.529348082295653
0.0298721913007627,0.0687755102040816,0.522368772267281
0.0305668934240363,0.0687755102040816,0.515547029284758
0.0312615955473098,0.0687755102040816,0.508880795641067
0.0319562976705834,0.0687755102040816,0.502368060536944
0.0326509997938569,0.0687755102040816,0.496006859474346
0.0333457019171305,0.0687755102040816,0.48979527366388
0.034040404040404,0.0687755102040816,0.483731429446021
0.0347351061636776,0.0687755102040816,0.47781349772594
0.0354298082869511,0.0687755102040816,0.472039693421779
0.0361245104102247,0.0687755102040816,0.466408274926198
0.0368192125334982,0.0687755102040816,0.46091754358104
0.0375139146567718,0.0687755102040816,0.455565843164947
0.0382086167800454,0.0687755102040816,0.450351559393777
0.0389033189033189,0.0687755102040816,0.445273119433676
0.0395980210265925,0.0687755102040816,0.440328991426643
0.040292723149866,0.0687755102040816,0.43551768402847
0.0409874252731396,0.0687755102040816,0.430837745958884
0.0416821273964131,0.0687755102040816,0.426287765563791
0.0423768295196867,0.0687755102040816,0.421866370389461
0.0430715316429602,0.0687755102040816,0.417572226768545
0.0437662337662338,0.0687755102040816,0.413404039417786
0.0444609358895073,0.0687755102040816,0.40936055104731
0.0451556380127809,0.0687755102040816,0.40544054198138
0.0458503401360544,0.0687755102040816,0.401642829790493
0.046545042259328,0.0687755102040816,0.397966268934709
0.0472397443826015,0.0687755102040816,0.394409750418118
0.0479344465058751,0.0687755102040816,0.390972201454317
0.0486291486291486,0.0687755102040816,0.387652585142817
0.0493238507524222,0.0687755102040816,0.384449900156274
0.0500185528756957,0.0687755102040816,0.381363180438447
0.0507132549989693,0.0687755102040816,0.3783914949128
0.0514079571222428,0.0687755102040816,0.37553394720165
0.0521026592455164,0.0687755102040816,0.372789675355786
0.0527973613687899,0.0687755102040816,0.370157851594471
0.0534920634920635,0.0687755102040816,0.367637682055748
0.054186765615337,0.0687755102040816,0.365228406556983
0.0548814677386106,0.0687755102040816,0.362929298365563
0.0555761698618841,0.0687755102040816,0.360739663979684
0.0562708719851577,0.0687755102040816,0.358658842919165
0.0569655741084313,0.0687755102040816,0.356686207526218
0.0576602762317048,0.0687755102040816,0.354821162776126
0.0583549783549784,0.0687755102040816,0.353063146097757
0.0590496804782519,0.0687755102040816,0.351411627203869
0.0597443826015255,0.0687755102040816,0.349866107931161
0.060439084724799,0.0687755102040816,0.348426122089998
0.0611337868480726,0.0687755102040816,0.347091235323798
0.0618284889713461,0.0687755102040816,0.345861044978009
0.0625231910946197,0.0687755102040816,0.344735179978651
0.0632178932178932,0.0687755102040816,0.34371330072039
0.0639125953411668,0.0687755102040816,0.342795098964095
0.0646072974644403,0.0687755102040816,0.341980297743865
0.0653019995877139,0.0687755102040816,0.34126865128348
0.0659967017109874,0.0687755102040816,0.340659944922273
0.066691403834261,0.0687755102040816,0.340153995050371
0.0673861059575345,0.0687755102040816,0.339750649053317
0.0680808080808081,0.0687755102040816,0.339449785266034
0.0687755102040816,0.0687755102040816,0.339251312936124
0,0.07,1
0.000707070707070707,0.07,0.98346575297341
0.00141414141414141,0.07,0.967238815639224
0.00212121212121212,0.07,0.951314117464883
0.00282828282828283,0.07,0.935686682360389
0.00353535353535354,0.07,0.920351627123392
0.00424242424242424,0.07,0.905304159913308
0.00494949494949495,0.07,0.890539578753983
0.00565656565656566,0.07,0.876053270064434
0.00636363636363636,0.07,0.861840707217218
0.00707070707070707,0.07,0.847897449123965
0.00777777777777778,0.07,0.834219138847647
0.00848484848484849,0.07,0.820801502241136
0.00919191919191919,0.07,0.807640346611634
0.0098989898989899,0.07,0.79473155941056
0.0106060606060606,0.07,0.782071106948472
0.0113131313131313,0.07,0.769655033134636
0.012020202020202,0.07,0.757479458240843
0.0127272727272727,0.07,0.745540577689086
0.0134343434343434,0.07,0.733834660862717
0.0141414141414141,0.07,0.72235804994072
0.0148484848484849,0.07,0.71110715875473
0.0155555555555556,0.07,0.700078471668437
0.0162626262626263,0.07,0.689268542479038
0.016969696969697,0.07,0.678673993340376
0.0176767676767677,0.07,0.668291513707444
0.0183838383838384,0.07,0.65811785930192
0.0190909090909091,0.07,0.648149851098409
0.0197979797979798,0.07,0.638384374331066
0.0205050505050505,0.07,0.628818377520314
0.0212121212121212,0.07,0.619448871519322
0.0219191919191919,0.07,0.610272928579973
0.0226262626262626,0.07,0.601287681438009
0.0233333333333333,0.07,0.592490322417082
0.024040404040404,0.07,0.583878102551415
0.0247474747474748,0.07,0.575448330726826
0.0254545454545455,0.07,0.567198372839809
0.0261616161616162,0.07,0.559125650974446
0.0268686868686869,0.07,0.551227642596864
0.0275757575757576,0.07,0.543501879767009
0.0282828282828283,0.07,0.535945948367468
0.028989898989899,0.07,0.528557487349117
0.0296969696969697,0.07,0.521334187993349
0.0304040404040404,0.07,0.514273793190656
0.0311111111111111,0.07,0.507374096735331
0.0318181818181818,0.07,0.500632942636087
0.0325252525252525,0.07,0.494048224442358
0.0332323232323232,0.07,0.487617884586082
0.0339393939393939,0.07,0.481339913738762
0.0346464646464646,0.07,0.475212350183598
0.0353535353535354,0.07,0.469233279202496
0.0360606060606061,0.07,0.463400832477767
0.0367676767676768,0.07,0.457713187508318
0.0374747474747475,0.07,0.452168567040166
0.0381818181818182,0.07,0.44676523851109
0.0388888888888889,0.07,0.441501513509242
0.0395959595959596,0.07,0.436375747245563
0.0403030303030303,0.07,0.431386338039823
0.041010101010101,0.07,0.426531726820132
0.0417171717171717,0.07,0.421810396635774
0.0424242424242424,0.07,0.417220872183187
0.0431313131313131,0.07,0.412761719344972
0.0438383838383838,0.07,0.408431544741764
0.0445454545454545,0.07,0.404228995296832
0.0452525252525253,0.07,0.400152757813278
0.045959595959596,0.07,0.39620155856369
0.0466666666666667,0.07,0.392374162892136
0.0473737373737374,0.07,0.388669374828362
0.0480808080808081,0.07,0.385086036714079
0.0487878787878788,0.07,0.381623028841225
0.0494949494949495,0.07,0.378279269102078
0.0502020202020202,0.07,0.375053712651128
0.0509090909090909,0.07,0.371945351578585
0.0516161616161616,0.07,0.368953214595431
0.0523232323232323,0.07,0.366076366729916
0.053030303030303,0.07,0.363313909035402
0.0537373737373737,0.07,0.360664978309463
0.0544444444444444,0.07,0.358128746824152
0.0551515151515152,0.07,0.355704422067363
0.0558585858585859,0.07,0.353391246495181
0.0565656565656566,0.07,0.351188497295173
0.0572727272727273,0.07,0.349095486160526
0.057979797979798,0.07,0.347111559074964
0.0586868686868687,0.07,0.345236096108389
0.0593939393939394,0.07,0.343468511223161
0.0601010101010101,0.07,0.341808252090981
0.0608080808080808,0.07,0.340254799920297
0.0615151515151515,0.07,0.338807669294198
0.0622222222222222,0.07,0.33746640801873
0.0629292929292929,0.07,0.336230596981597
0.0636363636363636,0.07,0.335099850021197
0.0643434343434344,0.07,0.334073813805958
0.0650505050505051,0.07,0.33315216772393
0.0657575757575758,0.07,0.332334623782599
0.0664646464646465,0.07,0.331620926518899
0.0671717171717172,0.07,0.331010852919384
0.0678787878787879,0.07,0.330504212350541
0.0685858585858586,0.07,0.330100846499225
0.0692929292929293,0.07,0.329800629323186
0.07,0.07,0.329603467011687
